https://www.democracynow.org/,26bM4k
http://www.fark.com/,27Dkpw
http://www.darknet.org.uk,28WZH3
http://www.gmhc.org,2JDbsE
https://www.reddit.com/,2JGHua
http://www.cannabis.info,2KeFpn
https://openvpn.net,2LQf9w
https://tinyurl.com,2QvWvq
http://www.pravda.ru,2SnZQg
http://store.steampowered.com/,2Sztxe
http://www.blubster.com,2VqcGh
http://www.fgmnetwork.org,2msv9Y
http://www.honduras.com,2q64cU
https://archiveofourown.org/,2rMSq2
http://www.worldwildlife.org,2rdh7t
http://www.download.com,2vgkZn
http://www.nature.org,33VEQf
https://www.buydutchseeds.com/,34uDnS
http://www.tialsoft.com/multitranse/,35JCt4
https://torrentz.eu,35tZrY
http://timesofindia.indiatimes.com,3APcr3
https://bisexual.org/,3CNde2
http://iyfnet.org/,3VFkcr
https://www.oxfam.org/,3ZQFTP
https://secure.flickr.com/,3e8MGV
https://slashdot.org/,3eKtdr
http://www3.iaisite.org/,3f9HwA
http://www.deathmetal.org,3gRX2p
http://www.connotea.org,3k2rhJ
http://www.doctissimo.fr/,3rUaCr
http://www.2ddepot.com,3sUCdN
http://www.pogo.com/,3sy6WH
https://www.om.org/,3vrVEy
http://www.buddhanet.net,3wLnZc
http://www.islamicity.com,3xtS8h
http://www.appzplanet.com,3y4Q2w
https://tacticaltech.org/,47DLLT
http://www.jfcom.mil,4DX4Eh
https://www.netflix.com/,4EEUQc
http://technorati.com/,4GygNd
http://www.webbox.com/index.php,4J83an
https://news.google.com/,4LhyN5
http://www.csmonitor.com,4MfhQ9
http://www.religioustolerance.org,4RR7Gh
http://www.date.com,4RXqwW
http://www.globalfire.tv,4Xg5gP
https://hootsuite.com/,4ZbHdY
https://www.hushmail.com/,4cqaEZ
http://www.sealswcc.com,4fCgeJ
https://www.yelp.com/,4g2gD2
http://delicious.com,4xUDX8
http://www.xxlmag.com,4z7T8x
https://www.unicef.org/,53rHLT
http://www.peta.org,57KXpU
http://www.crs.org,59YzEZ
http://www.blacksandjews.com/Welcome.html,5Ck6c4
http://www.rollitup.org,5DMeZC
https://www.hotbot.com/,5FZZ9t
http://www.match.com,5Ff9qw
http://www.socom.mil,5ND5Fn
http://www.vatican.va,5RC9gp
https://www.tumblr.com/,5TTxSD
http://www.cannaweed.com,5TpkkN
http://www.queernet.org,5ZNX5d
http://www.google.com/search?q=gay,5bzhsv
https://www.erowid.org/,5cZg9g
http://www.survive.org.uk/,5cfkn5
https://myspace.com/,5hrEGu
http://www.topdrawers.com,5kz7tL
https://www.scribd.com/,5pSSk8
http://8thstreetlatinas.com,5qwuWN
https://www.rt.com/,5wLq2s
http://blogmarks.net,5yPy4J
https://amp.cloudflare.com/v0/amp-iframe-0.1.js,5yy5cW
http://www.unhcr.org,5zs7W6
http://www.hrusa.org,5zsQ3L
http://www.roulette.sh,67wqM7
https://www.army.mil/,69A27V
https://login.infomaniak.com/loginWebmail,6BxnEF
http://www.latinmail.com,6CbGzz
https://www.alarabiya.net/,6HFnPR
http://www.rotten.com,6JLRpu
http://www.genderandaids.org,6Jxpgh
http://www.adl.org,6NTgGd
http://www.childrensdefense.org,6RJkpT
http://www.pdhre.org,6SfRxq
http://mymemory.translated.net/english/,6UnNgr
http://www.sportingbet.com,6Xbfdb
https://www.dating.com/,6ckBFQ
https://gpgtools.org,6mUWAW
http://www.washingtontimes.com,6mVK66
http://www.fepproject.org,6mknvA
http://www.towleroad.com,6spvZz
https://www.secfirst.org,6tYgRm
https://www.opensocietyfoundations.org/,6tnczw
https://thehiddenwiki.org,6w2Fht
http://international.ohmynews.com,78uyPd
http://www.postcards-for-iran.org,7DVmV8
http://spys.ru,7EpFrq
http://hotgaylist.com,7F9JCK
http://www.stratcom.mil,7FYNhQ
http://www.voanews.com,7GJXQH
http://hackers.com,7HYHGR
http://www.submission.org,7LUWQY
http://www.lemonde.fr,7M9Ubg
https://tor.eff.org/,7QNHfG
https://iarf.net/,7W6z4Q
https://www.weforum.org/,7ZaPtE
http://www.pornhub.com/,7av72s
http://www.pokerstars.com,7dt2nv
http://www.riverbelle.com,7hYmRu
http://www.people.com.cn,7n7Kuv
http://www.sexandu.ca/,85ZN6v
http://telecomix.org,87FMKe
https://www.liveleak.com/,87K97G
http://earth-liberation-front.org,88HrPU
https://sci-hub.bz/,88K69r
https://plus.google.com,8AwZF4
http://bnaibrith.org,8EX8ZB
http://www.microsofttranslator.com,8FhSEJ
http://www.wordreference.com,8HPBTP
http://anonnews.org,8JfAes
http://www.hospitalityclub.org,8NX94R
https://www.ictj.org/,8NxHZq
http://www.meaphone.com,8SA35A
http://www.transparency.org,8VMvPN
http://www.online-translator.com,8VYm68
http://www.whitepages.com/,8Xre7E
http://www.ebay.com,8YnEsf
http://www.ifge.org,8ZVzWn
http://www.usacasino.com,8ZtDpH
https://www.engenderhealth.org/,8aHedU
http://www.gamespot.com,8d2Whv
http://www.greennet.org.uk/,8fa3Bv
http://www.teenhealthfx.com,8g9WRk
https://www.theguardian.com/,8k9dKf
http://www.ijm.org,8m9XtS
http://www.anonymizer.ru,8nZtTT
http://www.opec.org,8sEXKC
http://occupystreams.org,8wU3km
https://www.google.com/transparencyreport/,8xdePg
http://www.sportsinteraction.com,8zKa3P
https://www.internationalrivers.org/,93NRDJ
http://www.foreignword.com,94EUdt
http://moqavemat.ir,94dLzM
http://www.slotland.com,95MUgc
http://www.realbeer.com,96AK3V
http://www.sos-reporters.net,99YxFE
http://www.online-dating.org,9AtvsF
https://www.eff.org/,9AyZYt
http://www.searchindia.com,9BLpse
https://bridges.torproject.org,9BPyV4
http://www.granma.cu,9JWEBy
http://www.circumcision.org,9QvMbu
https://www.ndi.org/,9SryN7
https://cyber.harvard.edu/,9SymcK
https://wikileaks.org/,9UYxT3
http://www.mytrans.com.tw,9WRSax
http://www.eelam.com,9XBVBS
https://www.martus.org/,9cPqPT
http://www.gay.com/,9eL6NL
http://www.onlinedating.com,9u3Z8G
http://www.facebook.com,9u9CBZ
https://worldofwarcraft.com/,9zKfaa
http://www.imdb.com,A2KKRg
http://www.protest.net,A39Fem
http://www.altpenis.com,A54pgb
http://transsexual.org,A7YZC6
http://wwf.panda.org/,A7wgpN
http://www.emule.com/,AAnqhP
https://www.un.int/,AAxdNV
https://www.search.com/,ACy3Bp
http://www.4shared.com,ADF9r4
https://www.clintonfoundation.org/,AEcwwk
https://www.opendns.com/,AHfYK8
http://www.jsf.mil,AJATpF
https://www.cpj.org/,AQ7hyB
https://psiphon.ca/,AWks9b
http://seclists.org,AbbVxJ
http://avaaz.org,AcHR2U
http://www.23.org,AfrN5a
http://blog.com,ArtpgZ
https://www.womenonwaves.org/,AyCuEW
https://www.terredeshommes.nl/,AycaVR
http://www.infowar-monitor.net,AzKhd5
http://deoxy.org,B3UqUy
https://www.mozilla.org/,B8Bsv9
https://www.ning.com/,BC2FTC
http://www.blogsome.com,BEgrtH
http://www.bearshare.com,BFd85L
http://krishna.com/,BLu5sU
http://hotmail.msn.com,BMs4rq
http://beeg.com,BNNv8W
https://plan-uk.org/,BNqxZH
https://www.freetranslation.com/,BPqJpv
http://cultdeadcow.com,BPyaPx
http://www.cbsnews.com,BQy6s7
http://www.linphone.org,BTApby
http://www.hackhull.com,BTG3Xt
https://imp.free.fr/,BgQFtK
http://www.systranbox.com,BkuChs
https://www.mediafire.com/,Bm7a6U
http://www.dmoz.org,BnYpmJ
http://laborrights.org/,BuyEEn
https://www.accessnow.org,CC4pPb
http://4genderjustice.org/,CKC3S5
https://www.ea.com/,CUS5Pn
https://www.privacyinternational.org/,CVVKfM
https://www.atheists.org/,CVZmx6
http://www.usafa.af.mil,CbcduF
https://www.purevpn.com/,CcLGmK
http://www.acquisitionx.com,Cdw6JZ
http://anonymizer.secuser.com,CeNpe2
https://www.edf.org/,Cem4sn
http://www.u4.no,CnWRNL
https://plus.im,CpETn2
https://www.gmx.com/,CvFb8L
https://www.kbs-frb.be/,D4PPZU
http://www.tango.me,D4tRJ2
http://www.ohchr.org,DAPPYG
https://www.google.com,DAaa9g
https://www.piratenpartei.ch/,DG3fZ4
http://www.xbox.com,DL27cz
https://www.change.org/,DLf2Xa
http://wupj.org,DPZMLN
https://goaskalice.columbia.edu/,DWq8dn
http://www.vibe.com,DWyn3m
http://www.ifex.org,Dc6dLg
https://evernote.com,Ddsdtn
http://www.anonymsurfen.com,Dfr2pZ
http://www.lycos.com,DhDP9R
http://www.interactworldwide.org,DqRDxL
http://www.ebaumsworld.com,Dtm6DH
http://www.dharmanet.org,DzyGvY
http://www.eln-voces.com,E8zuAh
http://download.cnet.com/freegate/3000-2085_4-10415391.html,EAkCEC
https://fsrn.org/,EAmaMQ
http://wilpf.org/,EBTDFP
http://www.jewwatch.com,EEt4YY
https://www.pinterest.com/,EG5tK7
https://boingboing.net/,EJU57m
http://www.keptprivate.com,ELmSMR
http://www.poker.com,EQx3s2
https://www.icc-cpi.int/,ERTKpT
https://mail.yandex.ru,ETXKzU
https://www.concern.net/,EU5bWc
http://now.org/,EWthS8
http://exscn.net,EYArPQ
http://www.hon.ch,EcS3Fe
http://www.dopplr.com/,Efsf7G
https://vimeo.com/,EgL6p3
http://www.stopstreetharassment.org,EhWf2J
http://islamonline.net/,Eqk6eM
http://www.fuckingfreemovies.com,EuWGdr
https://thehackernews.com/,Ey5DQN
https://www.blogger.com/,F3vkVU
http://www.proxyweb.net,F4zK5w
https://www.jihadwatch.org/,F9TwJB
http://www.southcom.mil,FA9CgM
http://www.casinotropez.com,FHZeLX
https://iwhc.org/,FKsqVU
https://twitpic.com/,FNRywZ
http://www.layevangelism.com,FNS53B
https://friends.walla.co.il/#/login,FPavnA
http://carnegieendowment.org/,FQCGE5
https://www.brookings.edu/,FQhSFB
http://reliefweb.int/,FU5mvL
http://www.wzo.org.il,FVLcBa
http://www.avert.org,FVcRNn
http://www.righttodie.ca,FVn7yn
http://www.who.int,FWWwx4
http://twitter.com/youranonnews/,FgN5Gu
http://www.muhammadanism.com,FkmPEf
https://www.wikipedia.org/,Fqedmk
https://www.defense.gov/,FrDq4a
https://www.weebly.com/,FreeLT
http://www.well.com/user/queerjhd/,FuMCez
http://peacefire.org/,FycR8x
http://www.worldjewishcongress.org,G4YuFu
http://www.wcicc.org,G6z4Aa
http://www.huffingtonpost.com,G8b9Hg
https://indymedia.org/,GAZxQv
http://www.ilo.org,GD8Wgz
http://debate.org.uk,GDwkE3
http://www.un.org,GLeZ86
http://www.khrp.org,GPR6be
http://www.hitler.org,GSSLNG
https://www.earthrights.org/,GSdqyz
http://anonym.to,GY6Wn7
https://www.opioids.com/,GcK3rn
http://www.onlinewomeninpolitics.org,Gg3GKB
http://www.depositfiles.com,GhRFUE
http://www.paganpride.org,GhX3kL
http://www.gotgayporn.com,GxKEA4
http://lauraannjacobs.com,GzRHXm
https://www.fanfiction.net/,H2T4Ee
http://www.terrorismfiles.org,H6TCP8
http://www.twistedinternet.com,H7FCyH
http://www.aljazeera.net,HAHWLz
http://freemuse.org/,HAUnE3
http://www.familiesaretalking.org,HGrBCb
https://www.leaseweb.com/,HH7Hp8
http://www.quantico.marines.mil/,HJTRMb
http://www.wordreference.com/enfr/test,HKUP4q
http://www.caritas.org,HNvhws
https://www.nytimes.com/,HPdWhA
http://www.atimes.com,HVRFHv
https://www.postmaster.co.uk/,HXVmYL
http://whitehonor.com,HXmG68
https://www.fotki.com/,HbCEh7
http://www.formercatholic.com,HdK5x4
https://www.baidu.com/,HdYRxJ
http://abpr2.railfan.net,Hgf8dU
http://www.freeexpression.org,HhpxBA
http://www.iicwc.org,HpvASC
http://www.barmeister.com,HrfSyf
http://www.orthodoxconvert.info,HrhPAG
http://www.indiatimes.com,HsUV2E
http://amphetamines.com,HwUSg5
http://www.crazyshit.com,HxpZxX
http://www.riftgame.com,Hy26yL
http://www.peacefire.org/circumventor/simple-circumventor-instructions.html,HyUzDa
http://translate.reference.com,J6f6rU
http://www.zone-h.org,J86mcx
http://www.playboy.com,J9gum7
https://www.icrc.org/en/home,JAZ425
http://www.themwl.org,JJX6rV
https://yandex.com/,JJyYuZ
https://global.blackberry.com/en/home.html,JNu5tY
https://www.eveonline.com/,JRcBea
https://strongvpn.com/,JUFfDU
http://www.globet.com,JW9SGJ
https://github.com,JZRxKB
https://www.okcupid.com/,JZmDsm
https://autistici.org,JdFz7U
http://www.ultimatebirthcontrol.com,JeFabt
http://hindunet.org/,JfzCa9
http://www.cis.minsk.by,JmwCVK
https://www.rescue.org/,Jt2SSB
http://a1408.g.akamai.net/5/1408/1388/2005110406/1a1a1ad948be278cff2d96046ad90768d848b41947aa1986/sample_sorenson.mov.zip,JvsZ9F
https://www.spark.com/,Jy4ywn
http://www.prolife.com,K7TSga
http://www.worldbank.org,K9sHWC
http://www.ectaco.com,KAF3cn
http://insecure.org/,KHHRcJ
http://www.isiswomen.org,KPCfL4
https://www.netaddress.com/,KRG5Mc
http://www.fordfound.org,KWzwLV
http://www.freehomepage.com/,KZh4Cs
http://www.radicalparty.org,KaEq4Q
http://www.lanacion.com.ar,Kb8EBR
https://www.gmail.com,KcBx4q
http://btggaming.com,Kmr8Gr
http://shia.org/,KnvQMB
https://video.google.com,Knz3K6
http://www.belmont.ag,Kszvk5
https://www.ushmm.org/,Kx9z9U
https://www.godaddy.com,KxMLeX
http://www.idsoftware.com,KxfDSW
http://www.godalone.org/,L24kbm
https://www.globalfundforwomen.org/,L4LrLG
http://adultfriendfinder.com,L5tSSb
http://www.utorrent.com,L64Z5t
http://www.theonion.com,L6s4TJ
http://www.solicitorsfromhell.com,L7RJYN
http://www.glil.org,LA3r99
http://www.euthanasia.cc,LCtAdW
https://sites.google.com,LE6cNs
http://lgbt.foundation/,LHzhhh
http://lifestream.aol.com,LLPr4E
http://www.jmarshall.com/tools/cgiproxy/,LM2sER
http://bittornado.com,LPeYHT
http://www.netzoola.com,LPvAeB
https://www.apple.com/,LQangY
https://pirateparty.org.au/,LVwVF5
https://www.jdate.com/,LWZ537
https://www.bing.com/,LX92GG
http://www.nazi-lauck-nsdapao.com,LafUGS
http://nypost.com/,Lc36tc
http://community.livejournal.com/anorexicqueen/,LcWdXB
http://www.cnn.com,LhDsNM
http://thepiratebay.org,Lp7rZp
http://www.maven.co.il,Lpk6aP
http://www.hrea.org,LrfexH
http://www.excite.com,LtdsgG
http://www.oic-oci.org,MFyPge
http://www.911truth.org,MJp4X7
http://flirtylingerie.com/,MUTknA
http://translation2.paralink.com,MdFqe4
https://www.epa.gov/,MkNgRS
https://jezebel.com/,Mne6Vq
http://wedo.org/,Mq2cLr
https://www.gnu.org/,MqwZQx
https://www.freespeech.org/,MudAmL
http://www.http-tunnel.com,Mvckmn
http://www.laborrightsnow.org,MwCY9z
http://torah.org/,MzXaFn
https://prq.se/,N46rz6
http://www.scientology.org,N9Sn2n
http://www.wallpapergate.com,N9ZgNn
http://www.kurtuluscephesi.com,NBEEGE
https://digg.com/,NBkhmd
https://www.amazon.com/,NFsV4N
http://www.winespectator.com,NGT77z
https://www.ipetitions.com,NJxJTH
https://www.atheistalliance.org/,NKnSxL
http://teenadvice.about.com,NLUJBa
http://blogspot.com,NNK9BQ
http://www.sida.se,NPqc6k
http://multiproxy.org/,NSaNPn
http://search.aol.com,NTQFgV
http://uploaded.to,Nb8Kys
http://www.beer.com,Ne5R3G
https://www.brinkster.com/,NmAnXt
http://www.ifj.org,NnzYQN
http://www.actionaid.org,NqeavS
http://www.partypoker.com,Nw7HLq
http://www.womensmediacenter.com,P2LgEB
http://www.hacktivismo.com,P3FVN3
https://www.usaid.gov/,P3T8m8
http://www.isscr.org,P5aHYu
https://www.womenonweb.org/,P6ntbA
http://www.ahram.org.eg,P97NGT
http://www.ihf-hr.org,PGD55C
http://www.hustler.com,PHqAep
https://www.habbo.com/,PJ8dbz
http://www.bitcomet.com,PJyPWF
https://www.refugeesinternational.org/,PPv4kF
http://www.wiesenthal.com,PSYfn9
http://www.worldhealth.net,PWqsZd
http://www.paltalk.com,PYaTRE
https://mixi.jp/,Pb7mKK
http://amygoodloe.com/lesbian-dot-org/,PcLhz8
https://foursquare.com,PeEtcn
http://www.eea.europa.eu,Pgp68e
http://twitter.com/anonops,PqrmYt
http://www.pof.com,Pr49AP
http://www.oikoumene.org,PsAknx
http://www.zensur.freerk.com,PtMXG5
https://ccc.de,Q27Bbb
http://www.broadvoice.com,Q2BanY
http://www.law-lib.utoronto.ca/Diana/,Q8DCwa
http://rapidgator.net,Q8zHA7
https://www.walmart.com/,QBmmfE
http://onlybingo.com/,QEMsMk
https://www.amnesty.org/,QGYxuN
https://imgur.com/,QN6JZ6
http://www.clubdicecasino.com,QNHArJ
http://www.animalliberationfront.com,QQUqVT
http://www.ihr.org,QU4Wu3
http://www.foxnews.com,QVdPKJ
http://www.lasenza.com,QZL4kL
https://www.exploit-db.com/,QZsCEe
http://www.iaffe.org,Qb9TJr
https://www.bme.com/,QcrEk6
http://www.hotmail.com,QvZvS2
http://www.phenoelit.org/,Qvc7E6
http://www.metacafe.com,R7hqkM
https://www.dropbox.com,R7sXhw
https://beyondexgay.com/,RDp94m
http://protectionline.org/,RMb9Za
http://mp3.com/,RVt8RF
http://www.aseansec.org,RWVQ9c
http://www.ccel.org,RXVdWn
https://oca.org/,RZYUTB
http://www.crackz.ws,RbftVb
https://en.wikipedia.org/wiki/the_holocaust,RbhQxx
https://www.fastmail.com/,RdFtEr
http://www.dw-world.de,ReDG8U
http://www.talafone.com,RhwXxf
http://www.ucc.org,Rpx68y
https://www.state.gov/,RqEhJ5
http://voice.yahoo.jajah.com,Rqe7ak
http://www.mate1.com,RqefF3
http://www.implantinfo.com,RtUBzS
http://www.nazarene.org,RuTvRS
http://www.linkedin.com/,RxS5Y2
http://www.blackjackinfo.com,S2dNMD
http://www.theepochtimes.com,S7PKFK
https://www.namecheap.com/,S9kWQP
https://freedns.afraid.org/,S9zanH
https://groups.yahoo.com/,SBKDyt
https://www.nsa.gov/,SDdTUr
https://www.ou.org/,SF9Zy9
http://www.counter-strike.net,SJcY53
http://www.who.int/reproductivehealth,SLpyZR
https://trashy.com/,SLqZdE
http://www.google.com,SLqkkx
http://www.anglicancommunion.org,SN6GHB
https://www.hightail.com/,SQs8n8
http://sierraclub.org,STMDFC
https://sourceforge.net/projects/loic/,SUpkhV
http://www.askmoses.com,ScuEeM
http://www.4chan.org,Se6FV3
http://www.democracycaucus.net,SeANmb
https://www.ipredator.se/,SexWvx
http://www.inminds.co.uk,Sgu5Zc
http://craigslist.org,SmDHCQ
http://www.hivandhepatitis.com,Sv6wpR
http://www.budweiser.com,Syqa9M
http://www.bbc.co.uk,SzxYwB
http://dcemail.com,TB9Gnp
http://www.betfair.com,TEpJHW
https://www.instagram.com/,THeuUK
http://www.familycareintl.org,TJS7V6
http://www.hostgator.com,TMaTMr
http://www.on-instant.com,TQmH8s
http://kidshealth.org/,TTyZwZ
https://www.csidonline.org/,TUtMRP
http://www.bbc.com,TWZX4t
http://kabobfest.com,TWr9Q3
http://www.earthaction.org,TZv3qH
http://www.christianity.com,TcAaqM
http://www.islameyat.com,ThTwmJ
http://warc.jalb.de,TkxVR6
http://ccrjustice.org,TmMsyT
http://www.last.fm/,TqNDbJ
http://xanga.com/,TwxcEg
https://www.hackcanada.com/,U2bSF8
https://www.planetromeo.com/,U48SYW
http://www.wix.com,U4rCdG
http://www.blogeasy.com,U7seZC
http://care.org,U9KG7g
http://www.bahai.org,UDgL2e
http://www.convertingtojudaism.com,UFPL5a
https://otr.cypherpunks.ca/,UG3MBR
http://sfsi.org/,UJqc37
https://sexetc.org/,UKJuZH
https://www.macfound.org/,ULmpmV
http://www.topcities.com,UMeS7c
http://www.warchild.org,UN2mkN
http://www.bat.com,UPvvD8
http://www.episcopalrelief.org/,USJqVL
http://www.sbc.net,UYu8Hh
http://www.pgp.com,UgnWnL
http://www.osce.org,UkNkxt
http://www.babylon-x.com,UrSQqX
https://www.wiktionary.org/,UrzXxs
http://www.viber.com,UvvMbZ
http://norml.org/,Ux4KaF
https://www.hotspotshield.com/,Uz9nzS
http://www.originalelf.com,V35bJb
https://www.gambling.com/,V3BSru
https://identi.ca/,V4rT2c
https://www.paypal.com,V552xE
https://www.mariestopes.org.uk/,V8mb8c
https://www.lds.org/,V9auXD
http://www.runescape.com,VD9RqE
http://ncac.org/,VGRAvF
https://www.interpol.int/,VHxrpE
https://bebo.com/,VKhCpp
http://sakhr.com,VTUffL
http://sci-hub.org/,VTstbB
http://www.ginvodka.org,VTvfXY
http://www.eurogrand.com,VWrWLt
http://www.xfocus.org,VWvggF
http://www.altavista.com,VYJdmG
http://www.feminist.com,VZU7SW
http://www.securenym.net,VadJp8
https://ultrasurf.us,VbVQrX
http://www.akdn.org,Vbtk7F
http://del.icio.us,VgUyGA
https://www.victoriassecret.com/,VkbdnF
https://www.guildwars.com/,VkzaJu
https://www.flickr.com/,VpAUxB
https://site.voicepulse.com/,VtZVdS
http://www.eharmony.com,VuBEkf
http://cartercenter.org,VvM4gv
http://www.freedominfo.org,VwR5wY
http://www.dfid.gov.uk,VwpUpY
http://www.msf.org,W299Nt
http://www.icftu.org,W3SURd
https://www.queerty.com/,W7dP9D
http://www.womenwarpeace.org,W82t4M
https://www.foe.co.uk/,WJDSQD
http://www.ihrc.org,WLCYFw
http://www.rfi.fr,WMkL8m
http://www.drudgereport.com,WPZCZ3
https://www.islaminstitut.de/en/,WVBdCE
http://www.hrcr.org,WeZcyN
http://www.glaad.org,WpHwSh
http://www.darpa.mil,WpT4du
http://www.schwarzreport.org,WtHgL8
http://isaalmasih.net,WwMWVu
http://www.itunes.com,WxT2uv
http://www.who.int/topics/hiv_aids/,WzRg5P
https://kids.yahoo.com,Wzz8hB
http://www.aidsonline.com,X3JgQc
https://secure.friendfinder.com/,X6DbNd
https://groups.google.com/,X8TskR
http://www.unlockme.co.uk,XAM6wR
http://www.islamdoor.com,XC68WJ
http://www.learningpartnership.org,XFFMzP
https://bouncer.ooni.io/,XGgKbh
http://dictionary.reference.com,XJ7na3
https://www.3wishes.com/,XJTVah
http://www.nato.int,XVARmX
http://www.echr.coe.int,XXX4wh
https://medpot.net/,XcXrEf
http://shamash.org,XeRkS9
http://justicewomen.com/,XqzXav
http://peta.xxx,XxWTAC
http://unpo.org/,Xyb94F
http://www.150m.com,XysFGF
http://de.lirio.us,XzK3TN
http://www.freeservers.com,Y4pxfM
https://epic.org/,Y5BXu5
http://www.ifrc.org,YAP9YW
http://www.freewebspace.com,YBn4Ff
http://www.slideshare.net,YCgLVn
https://www.opentech.fund/,YCynCB
http://imesh.com/,YLzX3J
http://secondlife.com/,YNXWn4
https://www.dea.gov/index.shtml,YRJWmY
http://www.greenpeace.org,YTKSXD
http://www.callserve.com,YXda6q
http://www.well.com,YZSS4G
http://www.upci.org,Yfy2fY
http://www.copticchurch.net,YhDhsx
http://gaytoday.com,YrVbqJ
https://www.fidh.org/,YxMANB
http://www.islamic-relief.com,YyF2zw
http://www.who.int/influenza/human_animal_interface,Yybg85
http://www.derechos.org,Yyxm48
http://www.tialsoft.com/download/,YzvkWR
http://www.venus.com/,Z4ur4Q
http://www.lingo.com,Z63LmQ
http://www.kcna.kp,ZBJbnK
https://www.madre.org/,ZBneSa
http://www.mail2web.com,ZCBZu9
http://www.satp.org,ZFxFZX
http://worldsingles.com,ZGzQnN
http://drugs-forum.com/,ZM5XMf
http://xxx.lanl.gov,ZMH7TR
http://www.unaids.org,ZPUffz
http://radiofreetexas.org/,ZPd6xX
http://www.iavi.org,ZR7Cex
https://protonmail.com/,ZUFUNN
http://www.judaismconversion.org,ZVKAAg
http://www.rferl.org,ZZbLgW
http://www.mainichi.co.jp,ZaJvNE
http://guardster.com/,Zk2TAf
http://www.wikispaces.com,Zp9N68
https://freedomhouse.org/,Zs5DJ5
https://www.megaproxy.com,ZtHHdR
http://www.sexandu.ca/fr/,ZtZFBm
http://dextroverse.org,ZzV7V6
https://www.cdc.gov/,a4PED4
http://www.lingerieatlarge.com,a8cT69
https://encrypted.google.com,aCy2Rv
http://zoomshare.com/,aJXcNa
https://www.ft.com/,aPwFgX
http://vho.org,aSGbw8
http://astalavista.box.sk,aTDYHT
http://www.unfpa.org,aVp7xr
http://www.rollingstone.com,aX4ECm
https://www.helvetas.ch/,aXhcGJ
https://postimage.io/,aZ2PG3
http://www.privaterra.org,aa2k4m
http://www.religiousconsultation.org,abuB9m
https://www.shroomery.org/,ah2VmB
https://www.cia.gov,any3Ft
http://www.cwgl.rutgers.edu,apTFEM
http://www.webwombat.com.au,aqpNte
http://www.btselem.org,asE4pK
http://www.typepad.com,atLK6M
http://proxy.org/,auc5tJ
http://www.warhammeronline.com,azXBSD
http://www.inbox.com,b2c835
https://qibla.com/,b2sgFq
http://www.spinpalace.com,b4sm4S
http://www.un.org/rights/,b8rQBt
https://rarbg.to/index8.php,bBece8
http://www.apt.ch,bFrXY9
http://www.exgay.com,bGSSeG
http://www.oicc.org,bJPNdg
http://www.oneworld.net,bLdgQg
http://hrlibrary.umn.edu/iwraw/,bM7FRN
https://www.groupon.com/,bN5v7J
http://gawker.com,bQb5vG
http://www.teensource.org,bQtrPM
http://www.un.org/docs/sc/,bQz6Zg
http://www.delicates.co.uk,bUuByZ
http://www.xvideos.com/,bVcfEY
http://www.gayhealth.com,bW7BRa
http://www.judaism.com,bXJeTM
http://www.ohchr.org/english/bodies/hrcouncil/,bYFuAW
http://www.bglad.com,bYG4Js
http://www.goarch.org,bZQYE2
http://www.zzn.com/,bnvq2f
http://howtogrowmarijuana.com,bnwZFf
http://go.com,bqQFSA
http://minorityrights.org/,brdXN2
https://tails.boum.org/,brgxVR
http://www.4online-gambling.com,brnSJW
http://www.rxmarijuana.com,btBTwg
http://www.rockstargames.com,bua58V
https://www.datingdirect.com,bwxUNC
http://www.alqassam.ps,bxBrPq
http://www.gayscape.com,bynZUZ
https://www.vonage.com/,c43FYr
http://www.dia.mil,cBV2QJ
http://www.heritage.org,cDmQnv
http://www.umc.org,cL5wD5
https://defcon.org/,cPmVBT
http://www.earthwatch.org,cQNJxf
https://www.youtube.com,cQmm4q
https://www.ariannelingerie.com/,cRZmhp
https://www.premaritalsex.info/,cRwsc9
https://2600.org/,cSrnme
http://www.advocate.com,cTLWJm
http://www.iwantim.com,cUnxy5
http://www.absinth.com,cV28pE
http://www.jhr.ca,cbaUCK
http://www.datpiff.com,cghh85
http://heroin.org,cmTfRJ
https://www.partypoker.net/,cnPGBc
http://www.abcunderwear.com,cqbw62
https://www.rambler.ru/,cv9VVq
http://www.marijuana.com,cwWPn9
http://www.msn.com,d2Y9AM
http://russia.tv,d3EqHB
http://www.monacogoldcasino.com,d3KqBJ
http://www.repubblica.com,dBmxLR
http://www.acdi-cida.gc.ca,dCHRtH
https://www.wmtransfer.com/,dDJRqP
http://blueskyswimwear.com,dKGSMy
http://www.ipcc.ch,dLWMyr
https://proxify.com/,dMsCpr
http://www.exmormon.org,dN9bsG
http://www.navy.mil,dQyr9J
http://www.prophetofdoom.net,dRW7Ds
http://www.163.com,dRpMNY
http://www.thehacktivist.com,dT6u6g
http://www.efonica.com,dVFEGH
https://extratorrent.cc,dWpP89
http://www.drugsense.org,dXHH5D
https://rsf.org/,dYv5px
http://www.telegraph.co.uk,dgVtWg
https://www.sendspace.com/,dkDuh3
http://proxytools.sourceforge.net/,dmJkZv
http://www.catholicsforchoice.org,dmxKHn
http://www.feminist.org,dq9npA
http://picasa.google.com,dqMMkt
https://online.wsj.com,dvtUp8
http://www.christianitytoday.com,dxcgCm
https://www.dotster.com/,dz4uq9
https://www.gnupg.org/,dzQY3W
http://www.hizb-ut-tahrir.org,e2wKFA
http://www.matrimony.org,e6YXqT
http://www.inetprivacy.com,eAuP4n
http://www.sex.com,eFHdAu
http://www.2shared.com,eL7vKC
http://www.aleph.to,eLVcB7
https://support.therapytribe.com/hivaids-support-group/,eYVThc
https://forum.grasscity.com/,eZdeZM
http://weedfarmer.com/,ebGYWT
https://www.mail.com/,eeJL7h
http://www.grandonline.com,ehdLfJ
http://www.collegehumor.com,ekmrJq
http://www.idea.int,eu86DV
http://twitter.com,euZDN4
https://www.state.gov/j/drl/,eyRRxN
http://wkkf.org/,f2gDVK
http://www.gearthblog.com,f6Aspr
https://www.fhi360.org/,f6PJJb
http://www.dogpile.com,f7kP6v
https://www.article19.org/,f8GxAd
https://www.twitch.tv/,f8MfWC
http://www.luwaran.net,fAwKmV
https://www.rackspace.com/,fBucS4
http://www.uscg.mil,fD6hXY
http://www.eluniversal.com,fKLNnL
http://www.jmarshall.com,fLnf9F
http://www.guerrillagirls.com/,fUcPuc
http://www.securitytracker.com,fVgCBF
http://www.speeddater.co.uk,fVz5HK
https://imageshack.com/,fWNRVT
https://www.iucn.org/,fXymE5
http://ecstasy.org,fc4GvY
http://www.theglobalfund.org,fccQ7F
https://btguard.com,fcheSd
http://www.churchofeuthanasia.org,feqVBS
http://www.wnd.com,fr8Wu9
http://jainworld.com/,fs5FBc
http://www.mail.lycos.com/,fsbNmw
http://www.icrw.org,ftGrKu
https://sourceforge.net/,fvs6XV
http://world.internationalism.org/,fxTqGW
http://www.google.com/search?q=transsexual,fyNhsm
https://translate.google.com,fyfqgS
http://www.888casino.com,g3vGNH
http://www.coquette.com,g4Jcck
https://secure.proxpn.com/,g4bRJJ
http://risebroadband.com/,g5n8GT
http://www.ned.org,g7kWQS
http://en-ville.orange.fr/,g8AgPc
http://chinadaily.com.cn,gAQg8F
http://www.tmz.com,gBFR32
http://www.ran.org,gCnxeN
http://www.aceshigh.com,gFLE92
http://www.chantelle.com,gFmyFA
https://www.mormon.org,gJ9mn7
https://www.linkedin.com/,gSGm8U
http://www.89.com,gSXWYq
http://www.ectaco.com/info/software/?atid=2021,gZsKhW
http://www.fotolog.com,gZwUAE
http://www.theregister.co.uk,gaMTV7
https://witness.org/,gaqA2Q
http://www.pc2call.com,gcN9Cv
https://www.plannedparenthood.org/,gf8NB9
https://duckduckgo.com/,ggpY4r
http://www.medicinenet.com,ghADCA
http://www.lingeriebowl.com,ghMxLF
http://www.sexedlibrary.org,gqdMJq
https://cryptome.org,gvcbxr
https://www.facebook.com,gw7N9g
http://www.enom.com,gwHRFx
http://triviasecurity.net,gwvCy4
https://www.awid.org/,gxJsCb
http://www.arabrenewal.com,gzFNMX
https://sci-hub.ac/,h3Bu6P
http://shareaza.com/,h536bu
https://www.crisisgroup.org/,h7KLDK
http://weblogs.us,hB9RhC
http://bravotube.net,hBXC9C
http://www.arabhra.org,hFYEyL
http://www.gayegypt.com,hFqLFW
http://www.dd-rd.ca,hPUSnR
http://www.lesbiansubmission.com,hRbTB3
http://www.arabnews.com,hStD3p
https://spideroak.com,hUMFGV
http://www.naral.org,hdbsZQ
http://www.positive.org,hedEJJ
http://www.radioislam.org,hedhNS
https://www.globalpolicy.org/,hgpWZu
https://www.100webspace.com/,hmDtJ6
http://www.sina.com.cn,hs84bW
http://anon.inf.tu-dresden.de,hsdT2s
https://citizenlab.ca,hyeU4b
https://www.icj.org/,hzX3H4
http://www.pcgamer.com,k43RdZ
http://opportunity.org/,k6v9Af
http://www.absolut.com,k8Ltk6
http://emailaddresses.com/,kD4RKf
https://www.protonmail.com,kENDWt
http://www.dailymail.co.uk,kF379X
https://addons.mozilla.org,kGxUY5
http://www.biz.ly,kKmGTW
https://movabletype.com/,kMYUWE
http://www.fondationdefrance.org/,kNefg6
http://twilight.ws,kNsAtn
http://www.iskcon.com,kPBcyS
https://www.iconnecthere.com,kPhdyx
https://twitter.com,kSbqDp
http://www.pcusa.org,kSrm3Q
http://www.webspawner.com,kThHA7
http://www.americannaziparty.com,kUu8T8
http://www.zeit.de,kVb5Jt
http://www.jackdaniels.com,kdFAxz
https://mail.yahoo.com,kf6RtR
https://riseup.net,kkDgKK
http://godhatesfags.com,kmxJqU
http://www.arabtimes.com,knYt7s
https://ipi.media/,krbSaA
http://www.cidh.org,kuNGrd
http://www.vanguardnewsnetwork.com,mF2bNP
http://www.tobacco.org,mGAYef
http://www.eccouncil.org,mKnSGS
http://www.mininova.org,mMLsnA
https://www.skype.com/,mNSQk2
https://getoutline.org/,mQ8D5C
https://thepiratebay.se,mQtzmz
http://adium.im,mRDK9G
http://www.rbf.org,mZ48km
http://www.xinhua.org,mZY8yh
http://archive.org,ma398t
http://www.geocities.com,maGa52
http://www.khilafah.com,mgMQRN
https://www.hidemyass.com/,mgUfb4
http://www.chinatimes.com,mgfKTZ
http://www.translate.ru,mn2Vpb
http://www.neonjoint.com,mpQEbY
http://www.pokerroom.com,mpRHrC
https://www.freespeechcoalition.com/,muF4HY
http://www.tripod.lycos.com/,mxWusK
http://www.worldrtd.net,mxuEuU
http://www.nmrc.org,my6Pse
https://www.reproductiverights.org/,n5EMub
http://www.ruf-ch.org,n5JTua
http://creativecommons.org,n5bkgX
http://www.no-ip.com,n9EQf4
https://freenetproject.org/,nD4hZP
http://christwire.org,nFVVUw
http://www.truthnet.org,nJv6BA
http://anonymouse.org,nLnpP7
https://globalvoices.org/,nNm7bP
https://www.ict.org.il/,nQES4Y
http://www.cbc.ca,nRmZwE
http://commons.wikimedia.org,nYmu7v
http://www.livejournal.com,nZEnsZ
https://www.yahoo.com,nZGJUR
http://www.auduboninternational.org,ndCsFY
http://www.grindr.com/,nffVvR
http://www.abortionno.org,nm243Z
http://ultrasurf.us,nn3YSD
https://cdt.org/,nnnAfs
http://www.efindlove.com,nrmvPh
https://www.sendthisfile.com/,ns5SXV
https://www.serials.ws/,ntS3NG
http://bitcoin.org,nyKRSa
http://www.afterellen.com,p6WNbs
http://www.glbtqarchive.com/,pFBAqe
http://www.benedelman.org,pJARQa
http://www.43things.com,pQAdbM
https://www.outrightinternational.org/,pSx3L2
https://secure.logmein.com,pULbrQ
http://www.rfa.org,pXqNSJ
http://www.ask.com,pa8JW8
https://www.dreamhost.com/,pcnsJQ
http://www.pacom.mil,pd3Jy6
https://t.co,pmFeL6
http://ilga.org/,pnk9Tq
http://www.blizzard.com,ppwvHe
http://www.lyricwiki.org,prdNXU
http://phrack.org,prenZc
http://www.af.mil,puN7qW
https://noblogs.org,q2S5uS
https://www.unwatch.org/,q8UF28
https://gmail.com,q9F2f2
https://www.frontlinedefenders.org/,qC3uL4
https://www.whatsapp.com/,qPSGJS
https://panties.com/,qQCJh9
https://cdn.ampproject.org/v0/amp-iframe-0.1.js,qTQYDJ
http://www.siecus.org,qVfs4E
http://www.breastenlargementmagazine.com,qYqYQm
http://www.itsyoursexlife.com,qZWLfP
http://www.feedtheminds.org,qZXXGs
http://www.bacardi.com,qcV4RG
https://www.hrw.org/,qhYZZy
http://www.slsknet.org,qpDtXU
http://www.mizzima.com,qq8hUC
https://opennet.net/,qqzhvz
http://www.tsroadmap.com,qsd7VG
http://www.pandora.com,qsgM5K
https://outlook.live.com/,qswk4e
http://www.securityfocus.com,qtzs6s
http://khilafah.net,qxeX9m
http://www.giganews.com,qym5T5
http://www.kazaa.com,qzQfPn
http://www.angryharry.com,r2WPGS
https://www.yola.com/,r2zrUX
https://www.herdict.org/,r6TpXP
http://www.volcanomail.com,r8Ae5e
http://www.asterisk.org,r9rqd8
http://cocaine.org,rBVaXn
http://pingomatic.com,rCELfy
http://www.blackhat.be,rDM6Bv
http://www.wftucentral.org/,rLvF58
https://metasploit.com/,rN4stH
http://casino.com,rQXPks
http://www.goldenrivieracasino.com,rTNMqN
http://advocacy.globalvoicesonline.org,rZggGN
http://www.ghostrecon.com,rfpQeW
http://www.imf.org,rkWafu
http://www.europacasino.com,rpFg6Q
http://www.freespeech.com,rwS7cq
http://blackberry.com,s7fNaa
http://www.cirp.org,sDBqx2
http://www.anonymitychecker.com,sDw2Xa
http://www.episcopalchurch.org,sGNtse
https://www.mamma.com/,sGPx5T
http://www.malware.com,sKZnJD
http://www.bbc.com/news,sNHysM
http://www.ceceurope.org,sNXft3
http://www.worldlingo.com,sQVu4W
https://explorer.ooni.io,sQbasm
http://www.catholic.org,sU3Z77
https://wordpress.org/,sUWpeG
http://www.haaretz.com,sW6WJN
http://www.medecinsdumonde.org,sWWqvN
http://www.shinto.org,sXY6Py
http://www.latimes.com,sZ95tu
https://www.anonymizer.com/,scLUAH
http://www.barnesandnoble.com/,se24pU
http://www.ananzi.co.za,snJQLd
http://www.unfpa.org/swp,sq8zCh
https://docs.google.com,ssCKVA
http://ikhwanonline.com/,svdBe6
http://www.wikia.com/fandom,t4MJRS
https://www.1and1.com/,t4bkdk
https://veracrypt.codeplex.com/,t5VrYy
https://www.torproject.org,t9hryx
http://company.wizards.com/,tBGwmh
http://www.royalvegas.com,tBMBKw
http://www.beerinfo.com,tCaF9W
http://www.iico.org,tE9W93
https://guardianproject.info,tG5eQd
http://www.newnownext.com/franchise/the-backlot/,tNpbWp
https://nmap.org/,tQf3eq
http://www.metacrawler.com,tRbKYt
http://www.ultimate-anonymity.com,tRcyPJ
http://webmail.sso.bluewin.ch,tTs9HK
http://www.fring.com,tq9rEp
http://www.freshpair.com,tqQhaG
http://womeninblack.org/,trhvPR
http://www.agentprovocateur.com,tttyZw
https://www.sexualhealth.com/,tvZ5Yg
http://www.wetplace.com,twzUdg
http://translator.babylon-software.com/,tzT7rB
http://common-fund.org/,tzk56n
http://www.metal-archives.com,u4dXAs
http://ddo.com/,u75FRH
https://infidels.org/,u7grf8
https://www.onlinegambling.com/,uBsuLd
http://www.ifeminists.com,uCmw5M
http://www.genderhealth.org,uM6nfs
http://www.cseindia.org,uPcB8e
http://www.jdl.org/,uQCd9r
http://www.bittorrent.com,ub2Ur3
https://www.mideastyouth.com/,upkbUx
http://www.hackforums.net,urpzyy
http://www.dailymotion.com,utKMxg
http://www.harkatulmujahideen.org,uwEvyh
http://feministing.com,uy8BWs
http://web.unep.org/,uyHkTM
http://www.thegooddrugsguide.com,v49vwn
http://www.pokerpages.com,v5cqec
https://www.adventist.org/,v5mEuc
http://www.worldlingo.com/en/products_services/worldlingo_translator.html,v7HPtT
http://www.veoh.com,v8p3PU
http://www.moderndrunkardmagazine.com,vB8dzg
https://www.marxists.org/,vJHT3D
http://www.womensmediapool.org,vXXHeA
http://crackspider.net,vXu45f
http://www.figleaves.com,vZ8set
https://addons.mozilla.org/en-US/firefox/addon/4286,vZVR7L
http://666games.net,vbv3dR
https://www.transferbigfiles.com/,vdYSbH
http://hightimes.com,vfvhTK
http://www.birthcontrol.com,vgStNy
http://www.ymca.int,vpgJN8
https://pastebin.com/,vrEFft
https://www.savethechildren.net/,vrsNtE
https://onedrive.live.com/,vt6fab
http://www.roxypalace.com,vxzyyW
http://www.omct.org,vyZYaF
https://www.scruff.com/,w9UpCm
https://ooni.torproject.org,wBKCDF
http://www.xenu.net,wCT6sK
http://www.jesussaves.cc,wDa7Sa
http://www.ilhr.org,wSukDe
http://www.stupidcensorship.com,wYbxGW
http://cannabis.com/,waMbB5
http://www.videogamereview.com,wanWVX
http://www.gamingday.com,wdKE3q
http://kickassclassical.com/,we86pY
http://www.backtrack-linux.org,wghz5D
http://www.mywebcalls.com,wkKJA2
http://www.whitepower.com,wnv6Mk
https://www.ipvanish.com/,wsUwZ3
http://www.xroxy.com,wvNAq5
http://www.photobucket.com,x2UnQP
http://www.advocatesforyouth.org/,x2Yu8Y
http://www.hanes.com,x4R4KH
http://www.dit-inc.us,x7dNF8
https://wordpress.com/,x8UEJm
http://www.frc.org,x9kTEb
http://www.irna.ir,xDVzsC
http://www.gamenode.com,xEUAyc
http://attrition.org/,xHq59W
http://www.humanrightsfirst.org,xJevE3
https://login.live.com/,xKZxQW
http://www.youporn.com/,xM3nzX
http://mashable.com,xN7x3T
http://www.friendster.com,xNKkRk
http://www.almanar.com.lb,xPdURr
https://archive.org/web/,xPtFDe
https://www.idrc.ca/,xSGvbH
http://www.wluml.org,xT6nrF
http://www.angelfire.lycos.com/,xT8pe6
http://www.hrc.org,xVCG9T
http://www.google.com/search?q=lesbian,xVr4yv
http://alt.com,xYBpFM
http://ebuddy.com/,xYzM5x
http://www.aidsalliance.org,xeW4VY
https://cites.org/,xfXDvT
http://tvants.uptodown.com,xfkaS6
http://www.luckynugget.com,xneUr4
http://www.economist.com,xwwQ4B
https://www.afp.com/,xzJRhZ
http://www.mailinator.com,y6xGu4
https://exitinternational.net/,y7xzTg
http://www.bfed.info,yB7FJc
http://www.carnivalcasino.com,yESVwh
http://www.oovoo.com/,yJL8LB
http://www.netaddress.com/,yWb9pG
http://www.911memorial.org,yX9V3V
http://www.gatesfoundation.org,yZRxat
http://www.square-enix.com,ybDgme
https://mail.ru/,ycPye2
https://xhamster.com/,ygB9sq
http://translation.langenberg.com,ynuZR8
http://www.no-porn.com,yskvkR
https://www.pmi.com/,yu4yy3
http://thenationalcampaign.org/,yuq6BH
http://emchurch.org/,yv2m3m
https://turbobit.net/,yv4fDT
https://packetstormsecurity.com/,ywVUaE
http://marijuana.nl,yxVsFm
http://www.cesr.org,yy7UsS
https://www.ifad.org/,z2Js5F
https://www.uber.com/,z38LPG
http://www.piratpartiet.se,z5Tub2
http://www.iea.org,z5XveH
http://www.scarleteen.com,zCLt3P
http://www.centcom.mil,zHv5dg
http://www.transwhiz.com,zJa7nr
http://progressio.org.uk/,zWfvyh
http://www.stumbleupon.com,zeAMrs
http://www.samesexmarriage.ca,zk4WTa
http://www.cyber-pirates.org,zmEkNH
http://www.realstreaming.net,zqYEXL
