2Cn5xp,https://abc.net.au,2018-06-11T22:59:03Z,,,,
2M3Y6z,https://mapquest.com,2018-06-11T22:59:03Z,,,,
2SG8Ny,https://office.com,2018-06-11T22:59:03Z,,,,
2Zty7p,https://aarp.org,2018-06-11T22:59:03Z,,,,
2gkry5,https://1688.com,2018-06-11T22:59:03Z,,,,
2uWtfh,https://constantcontact.com,2018-06-11T22:59:03Z,,,,
2wsvNQ,https://wufoo.com,2018-06-11T22:59:03Z,,,,
2wzL9T,https://slideshare.net,2018-06-11T22:59:03Z,,,,
34N4r8,https://dribbble.com,2018-06-11T22:59:03Z,,,,
3AT6Xn,https://livejournal.com,2018-06-11T22:59:03Z,,,,
3BuQws,https://bizjournals.com,2018-06-11T22:59:03Z,,,,
3EBTgA,https://free.fr,2018-06-11T22:59:03Z,,,,
3LwS7y,https://quantcast.com,2018-06-11T22:59:03Z,,,,
44S3Qb,https://booking.com,2018-06-11T22:59:03Z,,,,
47Fr9v,https://rambler.ru,2018-06-11T22:59:03Z,,,,
49cSgN,https://arstechnica.com,2018-06-11T22:59:03Z,,,,
4C4Ldp,https://ftc.gov,2018-06-11T22:59:03Z,,,,
4EcC2h,https://hbr.org,2018-06-11T22:59:03Z,,,,
4FzWg3,https://creativecommons.org,2018-06-11T22:59:03Z,,,,
4RGN9a,https://sun.com,2018-06-11T22:59:03Z,,,,
4bh3MV,https://epa.gov,2018-06-11T22:59:03Z,,,,
4p9paT,https://umblr.com,2018-06-11T22:59:03Z,,,,
4sABta,https://jiathis.com,2018-06-11T22:59:03Z,,,,
52k2zf,https://sourceforge.net,2018-06-11T22:59:03Z,,,,
5GTH5V,https://nyu.edu,2018-06-11T22:59:03Z,,,,
5TeUKe,https://today.com,2018-06-11T22:59:03Z,,,,
5VuWgK,https://hilton.com,2018-06-11T22:59:03Z,,,,
5cr6TD,https://blogger.com,2018-06-11T22:59:03Z,,,,
5dsHZv,https://nih.gov,2018-06-11T22:59:03Z,,,,
5fLCFN,https://utexas.edu,2018-06-11T22:59:03Z,,,,
5m9RWH,https://usc.edu,2018-06-11T22:59:03Z,,,,
5rBev3,https://medium.com,2018-06-11T22:59:03Z,,,,
5z49Gu,https://gotowebinar.com,2018-06-11T22:59:03Z,,,,
62s6Cf,https://bls.gov,2018-06-11T22:59:03Z,,,,
65TwkB,https://opencart.com,2018-06-11T22:59:03Z,,,,
66YaSw,https://t.co,2018-06-11T22:59:03Z,,,,
6C2p7f,https://venturebeat.com,2018-06-11T22:59:03Z,,,,
6PNYcy,https://fbcdn.net,2018-06-11T22:59:03Z,,,,
6nHck4,https://starwoodhotels.com,2018-06-11T22:59:03Z,,,,
6vDgpp,https://bbc.co.uk,2018-06-11T22:59:03Z,,,,
7DBnHW,https://usgs.gov,2018-06-11T22:59:03Z,,,,
7GQxna,https://gpo.gov,2018-06-11T22:59:03Z,,,,
7WFUKF,https://xing.com,2018-06-11T22:59:03Z,,,,
7amge2,https://networkadvertising.org,2018-06-11T22:59:03Z,,,,
7tHLYf,https://box.com,2018-06-11T22:59:03Z,,,,
7vxgsd,https://disqus.com,2018-06-11T22:59:03Z,,,,
82zCJe,https://aol.com,2018-06-11T22:59:03Z,,,,
89zUtD,https://archive.org,2018-06-11T22:59:03Z,,,,
8DPRbx,https://line.me,2018-06-11T22:59:03Z,,,,
8LBWe8,https://eventbrite.co.uk,2018-06-11T22:59:03Z,,,,
8QFUk2,https://themeforest.net,2018-06-11T22:59:03Z,,,,
8YKBuv,https://oreilly.com,2018-06-11T22:59:03Z,,,,
8fMu6Y,https://dot.gov,2018-06-11T22:59:03Z,,,,
8wUVpK,https://mozilla.com,2018-06-11T22:59:03Z,,,,
926bk2,https://studiopress.com,2018-06-11T22:59:03Z,,,,
95Lre4,https://webs.com,2018-06-11T22:59:03Z,,,,
9Sn8wJ,https://google.pl,2018-06-11T22:59:03Z,,,,
9XaRmb,https://example.com,2018-06-11T22:59:03Z,,,,
9YESM2,https://google.co.uk,2018-06-11T22:59:03Z,,,,
9Yw3p3,https://globo.com,2018-06-11T22:59:03Z,,,,
9YwTQw,https://google.ru,2018-06-11T22:59:03Z,,,,
9cwX6F,https://secureserver.net,2018-06-11T22:59:03Z,,,,
9f2b9r,https://themegrill.com,2018-06-11T22:59:03Z,,,,
9mvbgu,https://athemes.com,2018-06-11T22:59:03Z,,,,
9pdNfg,https://github.io,2018-06-11T22:59:03Z,,,,
9wP2Zp,https://sedo.com,2018-06-11T22:59:03Z,,,,
A2BNY8,https://playstation.com,2018-06-11T22:59:03Z,,,,
AAtJbD,https://domainname.de,2018-06-11T22:59:03Z,,,,
ARJquH,https://artisteer.com,2018-06-11T22:59:03Z,,,,
ASVZkf,https://histats.com,2018-06-11T22:59:03Z,,,,
AeywWU,https://etracker.de,2018-06-11T22:59:03Z,,,,
AhAbNy,https://fastcompany.com,2018-06-11T22:59:03Z,,,,
An9sTx,https://android.com,2018-06-11T22:59:03Z,,,,
ArCdfR,https://mailchimp.com,2018-06-11T22:59:03Z,,,,
AubtB4,https://aboutcookies.org,2018-06-11T22:59:03Z,,,,
Ay9ZmZ,https://dailymail.co.uk,2018-06-11T22:59:03Z,,,,
AzQJ7f,https://list-manage.com,2018-06-11T22:59:03Z,,,,
B7fNrb,https://entrepreneur.com,2018-06-11T22:59:03Z,,,,
BA3CBu,https://blogspot.jp,2018-06-11T22:59:03Z,,,,
BFKpKz,https://flickr.com,2018-06-11T22:59:03Z,,,,
BL7YUK,https://1and1.fr,2018-06-11T22:59:03Z,,,,
BSntUf,https://linkedin.com,2018-06-11T22:59:03Z,,,,
BWrkQe,https://bund.de,2018-06-11T22:59:03Z,,,,
BYfWaR,https://elegantthemes.com,2018-06-11T22:59:03Z,,,,
BbMAkx,https://va.gov,2018-06-11T22:59:03Z,,,,
BqEKeb,https://getpocket.com,2018-06-11T22:59:03Z,,,,
C8dwVQ,https://hostgator.com,2018-06-11T22:59:03Z,,,,
CBY5Tt,https://hp.com,2018-06-11T22:59:03Z,,,,
CJBWQQ,https://joomla.org,2018-06-11T22:59:03Z,,,,
CQw48L,https://intel.com,2018-06-11T22:59:03Z,,,,
CRqt4Y,https://moz.com,2018-06-11T22:59:03Z,,,,
CVstJQ,https://wikimedia.org,2018-06-11T22:59:03Z,,,,
CknNa9,https://stackoverflow.com,2018-06-11T22:59:03Z,,,,
CnDRRf,https://ed.gov,2018-06-11T22:59:03Z,,,,
Cur9YQ,https://addtoany.com,2018-06-11T22:59:03Z,,,,
CwdR5u,https://dreamhost.com,2018-06-11T22:59:03Z,,,,
D54cHf,https://typeform.com,2018-06-11T22:59:03Z,,,,
D9vdkS,https://mit.edu,2018-06-11T22:59:03Z,,,,
DYFPqv,https://googleusercontent.com,2018-06-11T22:59:03Z,,,,
DZeQLT,https://theguardian.com,2018-06-11T22:59:03Z,,,,
DZy7HN,https://shopify.com,2018-06-11T22:59:03Z,,,,
Dk3eZc,https://drupal.org,2018-06-11T22:59:03Z,,,,
DnkD8V,https://duke.edu,2018-06-11T22:59:03Z,,,,
DwbCbq,https://telegram.me,2018-06-11T22:59:03Z,,,,
DzbVF6,https://dictionary.com,2018-06-11T22:59:03Z,,,,
E3Z5vN,https://dropbox.com,2018-06-11T22:59:03Z,,,,
E5ppFx,https://debian.org,2018-06-11T22:59:03Z,,,,
E77h2c,https://springer.com,2018-06-11T22:59:03Z,,,,
EA5cDy,https://about.com,2018-06-11T22:59:03Z,,,,
EAKzdV,https://symantec.com,2018-06-11T22:59:03Z,,,,
EAb3vZ,https://theverge.com,2018-06-11T22:59:03Z,,,,
ECpAm7,https://wordpress.com,2018-06-11T22:59:03Z,,,,
EJEYLx,https://forbes.com,2018-06-11T22:59:03Z,,,,
EMmLVA,https://ca.gov,2018-06-11T22:59:03Z,,,,
Egxr3k,https://gnu.org,2018-06-11T22:59:03Z,,,,
ExTgnF,https://mozilla.org,2018-06-11T22:59:03Z,,,,
F4QpLw,https://cornell.edu,2018-06-11T22:59:03Z,,,,
F7HqtQ,https://typepad.com,2018-06-11T22:59:03Z,,,,
FFaMrB,https://w3.org,2018-06-11T22:59:03Z,,,,
FP5JEb,https://sciencemag.org,2018-06-11T22:59:03Z,,,,
FgRKzW,https://squareup.com,2018-06-11T22:59:03Z,,,,
Fh4zbQ,https://unsplash.com,2018-06-11T22:59:03Z,,,,
FrbUaX,https://giphy.com,2018-06-11T22:59:03Z,,,,
FuRbbQ,https://vimeo.com,2018-06-11T22:59:03Z,,,,
G28FFZ,https://soundcloud.com,2018-06-11T22:59:03Z,,,,
GCqwFU,https://doi.org,2018-06-11T22:59:03Z,,,,
GDsuc8,https://networksolutions.com,2018-06-11T22:59:03Z,,,,
GNmBrr,https://vk.com,2018-06-11T22:59:03Z,,,,
GR2BDU,https://ft.com,2018-06-11T22:59:03Z,,,,
Gam5Fb,https://alexa.com,2018-06-11T22:59:03Z,,,,
Gh6cv4,https://usda.gov,2018-06-11T22:59:03Z,,,,
H5zqYC,https://buzzfeed.com,2018-06-11T22:59:03Z,,,,
HLqesU,https://google.de,2018-06-11T22:59:03Z,,,,
HMhEXJ,https://trustpilot.com,2018-06-11T22:59:03Z,,,,
HN2eYZ,https://nginx.com,2018-06-11T22:59:03Z,,,,
HRr37m,https://icio.us,2018-06-11T22:59:03Z,,,,
HSRruR,https://congress.gov,2018-06-11T22:59:03Z,,,,
HnDQFV,https://barnesandnoble.com,2018-06-11T22:59:03Z,,,,
J33BBN,https://wp.com,2018-06-11T22:59:03Z,,,,
JAtXNr,https://ucl.ac.uk,2018-06-11T22:59:03Z,,,,
JCAZYJ,https://ow.ly,2018-06-11T22:59:03Z,,,,
JEm5av,https://latimes.com,2018-06-11T22:59:03Z,,,,
JFeL8f,https://youtu.be,2018-06-11T22:59:03Z,,,,
JJgZ6z,https://bing.com,2018-06-11T22:59:03Z,,,,
JdVEXg,https://sina.com.cn,2018-06-11T22:59:03Z,,,,
JgCAdR,https://photobucket.com,2018-06-11T22:59:03Z,,,,
Jtzmhh,https://techcrunch.com,2018-06-11T22:59:03Z,,,,
JuHtZG,https://google.it,2018-06-11T22:59:03Z,,,,
K7XkAZ,https://census.gov,2018-06-11T22:59:03Z,,,,
KJUJbU,https://dhs.gov,2018-06-11T22:59:03Z,,,,
KNtT3Q,https://bitbucket.org,2018-06-11T22:59:03Z,,,,
Km2DaY,https://fortune.com,2018-06-11T22:59:03Z,,,,
Krqaq3,https://samsung.com,2018-06-11T22:59:03Z,,,,
KvGxLq,https://ticketmaster.com,2018-06-11T22:59:03Z,,,,
L6agWc,https://google.nl,2018-06-11T22:59:03Z,,,,
L8N5AN,https://foxnews.com,2018-06-11T22:59:03Z,,,,
LAAGMv,https://issuu.com,2018-06-11T22:59:03Z,,,,
LD8WuS,https://wiley.com,2018-06-11T22:59:03Z,,,,
LFq9rZ,https://dol.gov,2018-06-11T22:59:03Z,,,,
LM3r7a,https://opera.com,2018-06-11T22:59:03Z,,,,
LWyaVp,https://blackberry.com,2018-06-11T22:59:03Z,,,,
LXEEFY,https://nazwa.pl,2018-06-11T22:59:03Z,,,,
Lhk4Eh,https://xinhuanet.com,2018-06-11T22:59:03Z,,,,
LhyHBM,https://windowsphone.com,2018-06-11T22:59:03Z,,,,
LkHTrN,https://jimdo.com,2018-06-11T22:59:03Z,,,,
MBSpmv,https://google.fr,2018-06-11T22:59:03Z,,,,
MQbUhe,https://parallels.com,2018-06-11T22:59:03Z,,,,
MSwUbC,https://acm.org,2018-06-11T22:59:03Z,,,,
MU2g8X,https://redcross.org,2018-06-11T22:59:03Z,,,,
MVF33U,https://sohu.com,2018-06-11T22:59:03Z,,,,
MYKfHG,https://state.gov,2018-06-11T22:59:03Z,,,,
MYt99N,https://thehill.com,2018-06-11T22:59:03Z,,,,
MhV65H,https://canada.ca,2018-06-11T22:59:03Z,,,,
N4Ubvt,https://facebook.com,2018-06-11T22:59:03Z,,,,
N7QDJs,https://att.com,2018-06-11T22:59:03Z,,,,
ND4TtB,https://arxiv.org,2018-06-11T22:59:03Z,,,,
NGdchr,https://wisc.edu,2018-06-11T22:59:03Z,,,,
NPMEVq,https://washington.edu,2018-06-11T22:59:03Z,,,,
NQ8yNz,https://prnewswire.com,2018-06-11T22:59:03Z,,,,
NSJJny,https://sagepub.com,2018-06-11T22:59:03Z,,,,
NYaMpe,https://www.nhs.uk,2018-06-11T22:59:03Z,,,,
NhzfA5,https://ieee.org,2018-06-11T22:59:03Z,,,,
Nkd6Q3,https://oracle.com,2018-06-11T22:59:03Z,,,,
NyMEGK,https:/,2018-06-11T22:59:03Z,,,,
P59Yd3,https://nginx.org,2018-06-11T22:59:03Z,,,,
P7WXNu,https://mijndomein.nl,2018-06-11T22:59:03Z,,,,
PFh3L2,https://cpanel.com,2018-06-11T22:59:03Z,,,,
PL9mLN,https://miibeian.gov.cn,2018-06-11T22:59:03Z,,,,
PX79hx,https://worldbank.org,2018-06-11T22:59:03Z,,,,
PY69W4,https://cdc.gov,2018-06-11T22:59:03Z,,,,
PfYRVH,https://paypal.com,2018-06-11T22:59:03Z,,,,
PgF38a,https://www.gov.uk,2018-06-11T22:59:03Z,,,,
PkDtSt,https://meetup.com,2018-06-11T22:59:03Z,,,,
Puv4C5,https://4.cn,2018-06-11T22:59:03Z,,,,
Q2nZE4,https://cnbc.com,2018-06-11T22:59:03Z,,,,
Q4fxRd,https://colorlib.com,2018-06-11T22:59:03Z,,,,
QAqWZF,https://godaddy.com,2018-06-11T22:59:03Z,,,,
QDVD6n,https://weibo.com,2018-06-11T22:59:03Z,,,,
QFB4GG,https://nps.gov,2018-06-11T22:59:03Z,,,,
QGcEBd,https://icann.org,2018-06-11T22:59:03Z,,,,
QMW2aA,https://yandex.ru,2018-06-11T22:59:03Z,,,,
QRVA4e,https://miitbeian.gov.cn,2018-06-11T22:59:03Z,,,,
QaLgNw,https://sogou.com,2018-06-11T22:59:03Z,,,,
Qge2FM,https://aboutads.info,2018-06-11T22:59:03Z,,,,
QzXaJf,https://ename.com.cn,2018-06-11T22:59:03Z,,,,
Qzat7E,https://jugem.jp,2018-06-11T22:59:03Z,,,,
R39hnB,https://un.org,2018-06-11T22:59:03Z,,,,
R7kX3b,https://tandfonline.com,2018-06-11T22:59:03Z,,,,
RB4tm7,https://psu.edu,2018-06-11T22:59:03Z,,,,
RV7Ztb,https://azurewebsites.net,2018-06-11T22:59:03Z,,,,
RdKtms,https://justice.gov,2018-06-11T22:59:03Z,,,,
RhTvPX,https://cisco.com,2018-06-11T22:59:03Z,,,,
RuCCwJ,https://twitter.com,2018-06-11T22:59:03Z,,,,
RugBuh,https://siteorigin.com,2018-06-11T22:59:03Z,,,,
S5WJ9G,https://etsy.com,2018-06-11T22:59:03Z,,,,
S8LD4u,https://nhk.or.jp,2018-06-11T22:59:03Z,,,,
SHR65R,https://newyorker.com,2018-06-11T22:59:03Z,,,,
SQPV7Y,https://cbc.ca,2018-06-11T22:59:03Z,,,,
SUX2p9,https://foursquare.com,2018-06-11T22:59:03Z,,,,
SUZHuZ,https://mysql.com,2018-06-11T22:59:03Z,,,,
SZYUhQ,https://slate.com,2018-06-11T22:59:03Z,,,,
Senk2m,https://inc.com,2018-06-11T22:59:03Z,,,,
Stc2u2,https://php.net,2018-06-11T22:59:03Z,,,,
SunWsf,https://1und1.de,2018-06-11T22:59:03Z,,,,
SwQRET,https://wunderground.com,2018-06-11T22:59:03Z,,,,
TGFRGh,https://bmj.com,2018-06-11T22:59:03Z,,,,
TYgcPD,https://xiti.com,2018-06-11T22:59:03Z,,,,
TaRf9k,https://tumblr.com,2018-06-11T22:59:03Z,,,,
TgP2pT,https://shop-pro.jp,2018-06-11T22:59:03Z,,,,
Ts77ba,https://ssa.gov,2018-06-11T22:59:03Z,,,,
TuKV7f,https://bbc.com,2018-06-11T22:59:03Z,,,,
UAygVS,https://skype.com,2018-06-11T22:59:03Z,,,,
UBPfxn,https://umich.edu,2018-06-11T22:59:03Z,,,,
UEMNwV,https://ameblo.jp,2018-06-11T22:59:03Z,,,,
UHFZbA,https://cloudfront.net,2018-06-11T22:59:03Z,,,,
UQEHch,https://oecd.org,2018-06-11T22:59:03Z,,,,
UQddnp,https://reuters.com,2018-06-11T22:59:03Z,,,,
UXCGYt,https://twitch.tv,2018-06-11T22:59:03Z,,,,
UXkfGe,https://wired.com,2018-06-11T22:59:03Z,,,,
UuA2w6,https://gravatar.com,2018-06-11T22:59:03Z,,,,
UyNqkV,https://amazon.fr,2018-06-11T22:59:03Z,,,,
V6gKJL,https://myspace.com,2018-06-11T22:59:03Z,,,,
VFKhnw,https://exblog.jp,2018-06-11T22:59:03Z,,,,
VGwBzH,https://g.co,2018-06-11T22:59:03Z,,,,
VLGKWe,https://ifeng.com,2018-06-11T22:59:03Z,,,,
VRtDKK,https://nifty.com,2018-06-11T22:59:03Z,,,,
VSxuvS,https://ebay.com,2018-06-11T22:59:03Z,,,,
VWSYB4,https://houzz.com,2018-06-11T22:59:03Z,,,,
VbEb9p,https://statcounter.com,2018-06-11T22:59:03Z,,,,
VbRFEs,https://ny.gov,2018-06-11T22:59:03Z,,,,
Vc7yAN,https://shinystat.com,2018-06-11T22:59:03Z,,,,
VfEJzb,https://google.ca,2018-06-11T22:59:03Z,,,,
VhntJs,https://steampowered.com,2018-06-11T22:59:03Z,,,,
VpsE2B,https://fao.org,2018-06-11T22:59:03Z,,,,
VqYNzZ,https://loc.gov,2018-06-11T22:59:03Z,,,,
VvMzH5,https://tripadvisor.co.uk,2018-06-11T22:59:03Z,,,,
Vwvfav,https://unicef.org,2018-06-11T22:59:03Z,,,,
W2rHJy,https://domainnameshop.com,2018-06-11T22:59:03Z,,,,
WH7nFv,https://usnews.com,2018-06-11T22:59:03Z,,,,
WaX9pw,https://nature.com,2018-06-11T22:59:03Z,,,,
WbdpXU,https://cbsnews.com,2018-06-11T22:59:03Z,,,,
Wmppmv,https://yale.edu,2018-06-11T22:59:03Z,,,,
Wyxxtz,https://domainactive.co,2018-06-11T22:59:03Z,,,,
XQfHfR,https://usatoday.com,2018-06-11T22:59:03Z,,,,
XTyNrB,https://accuweather.com,2018-06-11T22:59:03Z,,,,
XUmGuX,https://netflix.com,2018-06-11T22:59:03Z,,,,
XXhWHV,https://instagram.com,2018-06-11T22:59:03Z,,,,
XdN7zZ,https://youronlinechoices.com,2018-06-11T22:59:03Z,,,,
XuXr42,https://blogspot.com,2018-06-11T22:59:03Z,,,,
YCxcKX,https://scribd.com,2018-06-11T22:59:03Z,,,,
YHFG3t,https://tmall.com,2018-06-11T22:59:03Z,,,,
YQcRDE,https://whitehouse.gov,2018-06-11T22:59:03Z,,,,
YSGrua,https://deloitte.com,2018-06-11T22:59:03Z,,,,
YW25am,https://cryoutcreations.eu,2018-06-11T22:59:03Z,,,,
YWDXcC,https://researchgate.net,2018-06-11T22:59:03Z,,,,
YfGT5s,https://clickbank.net,2018-06-11T22:59:03Z,,,,
YgxZHZ,https://live.com,2018-06-11T22:59:03Z,,,,
YnQSB4,https://sedoparking.com,2018-06-11T22:59:03Z,,,,
Yr8tkb,https://gartner.com,2018-06-11T22:59:03Z,,,,
YzrmTT,https://google.com.br,2018-06-11T22:59:03Z,,,,
Z43cwq,https://sciencedirect.com,2018-06-11T22:59:03Z,,,,
Z63ATa,https://admin.ch,2018-06-11T22:59:03Z,,,,
ZV72RB,https://homestead.com,2018-06-11T22:59:03Z,,,,
ZfFUg9,https://amazon.co.uk,2018-06-11T22:59:03Z,,,,
ZgtdKE,https://beian.gov.cn,2018-06-11T22:59:03Z,,,,
Zk3Q25,https://tripadvisor.com,2018-06-11T22:59:03Z,,,,
ZneUUv,https://oup.com,2018-06-11T22:59:03Z,,,,
ZucJHG,https://geocities.jp,2018-06-11T22:59:03Z,,,,
a4S54H,https://zdnet.com,2018-06-11T22:59:03Z,,,,
aJLPzU,https://imgur.com,2018-06-11T22:59:03Z,,,,
aKVBnt,https://telegraph.co.uk,2018-06-11T22:59:03Z,,,,
apBwhz,https://google.com,2018-06-11T22:59:03Z,,,,
as8GCJ,https://gesetze-im-internet.de,2018-06-11T22:59:03Z,,,,
avWzXs,https://mlb.com,2018-06-11T22:59:03Z,,,,
b4Txyh,https://hollywoodreporter.com,2018-06-11T22:59:03Z,,,,
b7xy9X,https://myshopify.com,2018-06-11T22:59:03Z,,,,
bCvPgq,https://zendesk.com,2018-06-11T22:59:03Z,,,,
bXMdSb,https://marriott.com,2018-06-11T22:59:03Z,,,,
bksxzV,https://e-recht24.de,2018-06-11T22:59:03Z,,,,
bkwApT,https://gofundme.com,2018-06-11T22:59:03Z,,,,
brxd9r,https://wp.me,2018-06-11T22:59:03Z,,,,
cEWRu2,https://iubenda.com,2018-06-11T22:59:03Z,,,,
ccuBmQ,https://weebly.com,2018-06-11T22:59:03Z,,,,
cgzUc4,https://googleapis.com,2018-06-11T22:59:03Z,,,,
chmqTm,https://ox.ac.uk,2018-06-11T22:59:03Z,,,,
cmy4Fs,https://engadget.com,2018-06-11T22:59:03Z,,,,
cn4fn9,https://360.cn,2018-06-11T22:59:03Z,,,,
cssxWM,https://berkeley.edu,2018-06-11T22:59:03Z,,,,
cuB2ww,https://uchicago.edu,2018-06-11T22:59:03Z,,,,
d2WBFd,https://reference.com,2018-06-11T22:59:03Z,,,,
d4v9xP,https://python.org,2018-06-11T22:59:03Z,,,,
d68ksJ,https://wordpress.org,2018-06-11T22:59:03Z,,,,
dMpLg5,https://livedoor.jp,2018-06-11T22:59:03Z,,,,
dMwpeZ,https://variety.com,2018-06-11T22:59:03Z,,,,
dS4zUK,https://imdb.com,2018-06-11T22:59:03Z,,,,
dUapWs,https://prestashop.com,2018-06-11T22:59:03Z,,,,
dcJJ2t,https://cpanel.net,2018-06-11T22:59:03Z,,,,
dnRCCf,https://w3schools.com,2018-06-11T22:59:03Z,,,,
dqwz8D,https://doubleclick.net,2018-06-11T22:59:03Z,,,,
dw8mSF,https://huffingtonpost.com,2018-06-11T22:59:03Z,,,,
eFpX3J,https://pinterest.com,2018-06-11T22:59:03Z,,,,
eMJ4H8,https://nbcnews.com,2018-06-11T22:59:03Z,,,,
eYgbcq,https://fc2.com,2018-06-11T22:59:03Z,,,,
eaL7aJ,https://libsyn.com,2018-06-11T22:59:03Z,,,,
eauUpr,https://ocn.ne.jp,2018-06-11T22:59:03Z,,,,
ekGPe9,https://illinois.edu,2018-06-11T22:59:03Z,,,,
emcsUH,https://youtube.com,2018-06-11T22:59:03Z,,,,
f224CV,https://squarespace.com,2018-06-11T22:59:03Z,,,,
f7yM3D,https://dmca.com,2018-06-11T22:59:03Z,,,,
fMX49B,https://wsj.com,2018-06-11T22:59:03Z,,,,
fMpzev,https://wixsite.com,2018-06-11T22:59:03Z,,,,
faVVSh,https://phpbb.com,2018-06-11T22:59:03Z,,,,
fcTJAx,https://npr.org,2018-06-11T22:59:03Z,,,,
fcThcy,https://dedecms.com,2018-06-11T22:59:03Z,,,,
ft3sHd,https://adweek.com,2018-06-11T22:59:03Z,,,,
g2KsDb,https://stumbleupon.com,2018-06-11T22:59:03Z,,,,
gD9mTP,https://apache.org,2018-06-11T22:59:03Z,,,,
gG6rSA,https://ucla.edu,2018-06-11T22:59:03Z,,,,
gGMVkM,https://amazon.com,2018-06-11T22:59:03Z,,,,
gHvRed,https://digg.com,2018-06-11T22:59:03Z,,,,
gMHZaU,https://youku.com,2018-06-11T22:59:03Z,,,,
gQqubm,https://naver.com,2018-06-11T22:59:03Z,,,,
gbaDPs,https://elsevier.com,2018-06-11T22:59:03Z,,,,
gdczmp,https://upenn.edu,2018-06-11T22:59:03Z,,,,
gfHSGr,https://independent.co.uk,2018-06-11T22:59:03Z,,,,
gp56zv,https://si.edu,2018-06-11T22:59:03Z,,,,
h6yr7K,https://wikihow.com,2018-06-11T22:59:03Z,,,,
hE8QMY,https://visma.com,2018-06-11T22:59:03Z,,,,
hEkZP4,https://home.pl,2018-06-11T22:59:03Z,,,,
hHJkgw,https://1and1.com,2018-06-11T22:59:03Z,,,,
hQUFE7,https://yahoo.com,2018-06-11T22:59:03Z,,,,
hUt7xe,https://kickstarter.com,2018-06-11T22:59:03Z,,,,
hWMwXp,https://cbslocal.com,2018-06-11T22:59:03Z,,,,
haDer4,https://loopia.com,2018-06-11T22:59:03Z,,,,
hnF8LQ,https://baidu.com,2018-06-11T22:59:03Z,,,,
https:/,NyMEGK,,,,,
https://163.com,ptN9pf,,,,,
https://1688.com,2gkry5,,,,,
https://1and1.com,hHJkgw,,,,,
https://1and1.fr,BL7YUK,,,,,
https://1und1.de,SunWsf,,,,,
https://360.cn,cn4fn9,,,,,
https://4.cn,Puv4C5,,,,,
https://51.la,wyUCAe,,,,,
https://a8.net,m57dUp,,,,,
https://aarp.org,2Zty7p,,,,,
https://abc.net.au,2Cn5xp,,,,,
https://about.com,EA5cDy,,,,,
https://aboutads.info,Qge2FM,,,,,
https://aboutcookies.org,AubtB4,,,,,
https://accuweather.com,XTyNrB,,,,,
https://acm.org,MSwUbC,,,,,
https://addthis.com,yBNq4m,,,,,
https://addtoany.com,Cur9YQ,,,,,
https://admin.ch,Z63ATa,,,,,
https://adobe.com,pJyTHb,,,,,
https://adweek.com,ft3sHd,,,,,
https://alexa.com,Gam5Fb,,,,,
https://alibaba.com,q7zbJ5,,,,,
https://aliyun.com,zyPwNq,,,,,
https://allaboutcookies.org,ySvWBH,,,,,
https://amazon.co.jp,ufdmPd,,,,,
https://amazon.co.uk,ZfFUg9,,,,,
https://amazon.com,gGMVkM,,,,,
https://amazon.de,qr4CgU,,,,,
https://amazon.fr,UyNqkV,,,,,
https://amazonaws.com,m8nEGs,,,,,
https://ameblo.jp,UEMNwV,,,,,
https://amzn.to,k99Re9,,,,,
https://android.com,An9sTx,,,,,
https://aol.com,82zCJe,,,,,
https://apache.org,gD9mTP,,,,,
https://apple.com,wWkkv8,,,,,
https://archive.org,89zUtD,,,,,
https://arstechnica.com,49cSgN,,,,,
https://artisteer.com,ARJquH,,,,,
https://arxiv.org,ND4TtB,,,,,
https://athemes.com,9mvbgu,,,,,
https://att.com,N7QDJs,,,,,
https://azurewebsites.net,RV7Ztb,,,,,
https://baidu.com,hnF8LQ,,,,,
https://bandcamp.com,sLYcUG,,,,,
https://barnesandnoble.com,HnDQFV,,,,,
https://bbb.org,kDrgJL,,,,,
https://bbc.co.uk,6vDgpp,,,,,
https://bbc.com,TuKV7f,,,,,
https://behance.net,w4dDcB,,,,,
https://beian.gov.cn,ZgtdKE,,,,,
https://berkeley.edu,cssxWM,,,,,
https://bigcartel.com,wKxV53,,,,,
https://bigcommerce.com,un9Pkg,,,,,
https://bing.com,JJgZ6z,,,,,
https://biomedcentral.com,vEmdB8,,,,,
https://bit.ly,qv2R5m,,,,,
https://bitbucket.org,KNtT3Q,,,,,
https://bizjournals.com,3BuQws,,,,,
https://blackberry.com,LWyaVp,,,,,
https://blogger.com,5cr6TD,,,,,
https://blogspot.co.uk,vkaedE,,,,,
https://blogspot.com,XuXr42,,,,,
https://blogspot.com.es,sGNMLW,,,,,
https://blogspot.jp,BA3CBu,,,,,
https://bloomberg.com,u8z9xW,,,,,
https://bls.gov,62s6Cf,,,,,
https://bluehost.com,tkCTth,,,,,
https://bmj.com,TGFRGh,,,,,
https://booking.com,44S3Qb,,,,,
https://box.com,7tHLYf,,,,,
https://bund.de,BWrkQe,,,,,
https://businessinsider.com,zmnEUS,,,,,
https://businesswire.com,uWB3RB,,,,,
https://buydomains.com,kDzdzJ,,,,,
https://buzzfeed.com,H5zqYC,,,,,
https://ca.gov,EMmLVA,,,,,
https://cam.ac.uk,sEtApG,,,,,
https://canada.ca,MhV65H,,,,,
https://cbc.ca,SQPV7Y,,,,,
https://cbslocal.com,hWMwXp,,,,,
https://cbsnews.com,WbdpXU,,,,,
https://cdc.gov,PY69W4,,,,,
https://census.gov,K7XkAZ,,,,,
https://change.org,yY2DGh,,,,,
https://chicagotribune.com,krHE7C,,,,,
https://cisco.com,RhTvPX,,,,,
https://clickbank.net,YfGT5s,,,,,
https://cloudfront.net,UHFZbA,,,,,
https://cmu.edu,qs4EfZ,,,,,
https://cnbc.com,Q2nZE4,,,,,
https://cnet.com,p2mUXv,,,,,
https://cnn.com,vkFbaR,,,,,
https://colorlib.com,Q4fxRd,,,,,
https://columbia.edu,nJZpMb,,,,,
https://congress.gov,HSRruR,,,,,
https://constantcontact.com,2uWtfh,,,,,
https://cornell.edu,F4QpLw,,,,,
https://cpanel.com,PFh3L2,,,,,
https://cpanel.net,dcJJ2t,,,,,
https://creativecommons.org,4FzWg3,,,,,
https://cryoutcreations.eu,YW25am,,,,,
https://dailymail.co.uk,Ay9ZmZ,,,,,
https://dailymotion.com,z9ZHQQ,,,,,
https://debian.org,E5ppFx,,,,,
https://dedecms.com,fcThcy,,,,,
https://delicious.com,srddMa,,,,,
https://deloitte.com,YSGrua,,,,,
https://deviantart.com,uYWA7x,,,,,
https://dhs.gov,KJUJbU,,,,,
https://dictionary.com,DzbVF6,,,,,
https://digg.com,gHvRed,,,,,
https://disqus.com,7vxgsd,,,,,
https://dmca.com,f7yM3D,,,,,
https://doi.org,GCqwFU,,,,,
https://dol.gov,LFq9rZ,,,,,
https://domainactive.co,Wyxxtz,,,,,
https://domainname.de,AAtJbD,,,,,
https://domainnameshop.com,W2rHJy,,,,,
https://domainretailing.com,pXmq2C,,,,,
https://domeneshop.no,r8tcAG,,,,,
https://dot.gov,8fMu6Y,,,,,
https://doubleclick.net,dqwz8D,,,,,
https://dreamhost.com,CwdR5u,,,,,
https://dribbble.com,34N4r8,,,,,
https://dropbox.com,E3Z5vN,,,,,
https://drupal.org,Dk3eZc,,,,,
https://duke.edu,DnkD8V,,,,,
https://e-recht24.de,bksxzV,,,,,
https://ebay.com,VSxuvS,,,,,
https://economist.com,ysGShJ,,,,,
https://ed.gov,CnDRRf,,,,,
https://eepurl.com,zagnaG,,,,,
https://eff.org,pEzkmx,,,,,
https://elegantthemes.com,BYfWaR,,,,,
https://elsevier.com,gbaDPs,,,,,
https://enable-javascript.com,yDgRDy,,,,,
https://ename.com.cn,QzXaJf,,,,,
https://engadget.com,cmy4Fs,,,,,
https://entrepreneur.com,B7fNrb,,,,,
https://epa.gov,4bh3MV,,,,,
https://etracker.de,AeywWU,,,,,
https://etsy.com,S5WJ9G,,,,,
https://europa.eu,nht265,,,,,
https://eventbrite.co.uk,8LBWe8,,,,,
https://eventbrite.com,sBZ2am,,,,,
https://ewebdevelopment.com,rWuJwU,,,,,
https://example.com,9XaRmb,,,,,
https://exblog.jp,VFKhnw,,,,,
https://facebook.com,N4Ubvt,,,,,
https://fao.org,VpsE2B,,,,,
https://fastcompany.com,AhAbNy,,,,,
https://fb.com,xNzmwV,,,,,
https://fb.me,tYcFwg,,,,,
https://fbcdn.net,6PNYcy,,,,,
https://fc2.com,eYgbcq,,,,,
https://fcc.gov,xsdVgM,,,,,
https://fda.gov,rUSgBk,,,,,
https://feedburner.com,sBDKBC,,,,,
https://flickr.com,BFKpKz,,,,,
https://forbes.com,EJEYLx,,,,,
https://fortune.com,Km2DaY,,,,,
https://foursquare.com,SUX2p9,,,,,
https://foxnews.com,L8N5AN,,,,,
https://free.fr,3EBTgA,,,,,
https://ft.com,GR2BDU,,,,,
https://ftc.gov,4C4Ldp,,,,,
https://g.co,VGwBzH,,,,,
https://gartner.com,Yr8tkb,,,,,
https://geocities.jp,ZucJHG,,,,,
https://gesetze-im-internet.de,as8GCJ,,,,,
https://getpocket.com,BqEKeb,,,,,
https://giphy.com,FrbUaX,,,,,
https://github.com,yFxM7M,,,,,
https://github.io,9pdNfg,,,,,
https://globo.com,9Yw3p3,,,,,
https://gnu.org,Egxr3k,,,,,
https://go.com,sHxY2E,,,,,
https://godaddy.com,QAqWZF,,,,,
https://gofundme.com,bkwApT,,,,,
https://goo.gl,qnD4XJ,,,,,
https://goo.ne.jp,qVygK6,,,,,
https://goodreads.com,x9EbEB,,,,,
https://google.be,te7adS,,,,,
https://google.ca,VfEJzb,,,,,
https://google.ch,vtWG9W,,,,,
https://google.co.in,tM2RBF,,,,,
https://google.co.jp,yMShaY,,,,,
https://google.co.uk,9YESM2,,,,,
https://google.com,apBwhz,,,,,
https://google.com.au,yMFySb,,,,,
https://google.com.br,YzrmTT,,,,,
https://google.de,HLqesU,,,,,
https://google.es,vEu4Th,,,,,
https://google.fr,MBSpmv,,,,,
https://google.it,JuHtZG,,,,,
https://google.nl,L6agWc,,,,,
https://google.pl,9Sn8wJ,,,,,
https://google.ru,9YwTQw,,,,,
https://googleapis.com,cgzUc4,,,,,
https://googleusercontent.com,DYFPqv,,,,,
https://gotowebinar.com,5z49Gu,,,,,
https://gpo.gov,7GQxna,,,,,
https://gravatar.com,UuA2w6,,,,,
https://guardian.co.uk,u2T9RE,,,,,
https://harvard.edu,muKXKA,,,,,
https://hatena.ne.jp,xUBfwT,,,,,
https://hbr.org,4EcC2h,,,,,
https://hhs.gov,sPGEkh,,,,,
https://hibu.com,sSzEZm,,,,,
https://hilton.com,5VuWgK,,,,,
https://histats.com,ASVZkf,,,,,
https://hollywoodreporter.com,b4Txyh,,,,,
https://home.pl,hEkZP4,,,,,
https://homestead.com,ZV72RB,,,,,
https://hostgator.com,C8dwVQ,,,,,
https://hostnet.nl,kS6XCE,,,,,
https://house.gov,qyCWYV,,,,,
https://houzz.com,VWSYB4,,,,,
https://hp.com,CBY5Tt,,,,,
https://hubspot.com,vsbRsK,,,,,
https://huffingtonpost.com,dw8mSF,,,,,
https://ibm.com,zYu9LW,,,,,
https://icann.org,QGcEBd,,,,,
https://icio.us,HRr37m,,,,,
https://ieee.org,NhzfA5,,,,,
https://ietf.org,sVCfW8,,,,,
https://ifeng.com,VLGKWe,,,,,
https://illinois.edu,ekGPe9,,,,,
https://imdb.com,dS4zUK,,,,,
https://imgur.com,aJLPzU,,,,,
https://inc.com,Senk2m,,,,,
https://independent.co.uk,gfHSGr,,,,,
https://indiatimes.com,qh24JD,,,,,
https://instagram.com,XXhWHV,,,,,
https://intel.com,CQw48L,,,,,
https://irs.gov,t8F4qH,,,,,
https://iso.org,zaJPJ2,,,,,
https://issuu.com,LAAGMv,,,,,
https://iubenda.com,cEWRu2,,,,,
https://japanpost.jp,xcL2KB,,,,,
https://java.com,qqzgpC,,,,,
https://jiathis.com,4sABta,,,,,
https://jimdo.com,LkHTrN,,,,,
https://joomla.org,CJBWQQ,,,,,
https://jugem.jp,Qzat7E,,,,,
https://justgiving.com,tJBpkh,,,,,
https://justice.gov,RdKtms,,,,,
https://kickstarter.com,hUt7xe,,,,,
https://latimes.com,JEm5av,,,,,
https://libsyn.com,eaL7aJ,,,,,
https://line.me,8DPRbx,,,,,
https://linkedin.com,BSntUf,,,,,
https://list-manage.com,AzQJ7f,,,,,
https://list-manage1.com,vzkZh7,,,,,
https://live.com,YgxZHZ,,,,,
https://livedoor.jp,dMpLg5,,,,,
https://livejournal.com,3AT6Xn,,,,,
https://loc.gov,VqYNzZ,,,,,
https://loopia.com,haDer4,,,,,
https://loopia.se,umkWBr,,,,,
https://macromedia.com,ppRLR5,,,,,
https://mail.ru,k2CqF3,,,,,
https://mailchimp.com,ArCdfR,,,,,
https://mapquest.com,2M3Y6z,,,,,
https://marriott.com,bXMdSb,,,,,
https://mashable.com,pWWnAF,,,,,
https://medium.com,5rBev3,,,,,
https://meetup.com,PkDtSt,,,,,
https://mhlw.go.jp,xJ69AD,,,,,
https://microsoft.com,tHPaHp,,,,,
https://miibeian.gov.cn,PL9mLN,,,,,
https://miitbeian.gov.cn,QRVA4e,,,,,
https://mijndomein.nl,P7WXNu,,,,,
https://mit.edu,D9vdkS,,,,,
https://mlb.com,avWzXs,,,,,
https://mlit.go.jp,yDVbFL,,,,,
https://moodle.org,nVgcGL,,,,,
https://moz.com,CRqt4Y,,,,,
https://mozilla.com,8wUVpK,,,,,
https://mozilla.org,ExTgnF,,,,,
https://msdn.com,t6FKQa,,,,,
https://msn.com,wF2uVC,,,,,
https://mynavi.jp,n6uFCc,,,,,
https://myshopify.com,b7xy9X,,,,,
https://myspace.com,V6gKJL,,,,,
https://mysql.com,SUZHuZ,,,,,
https://namejet.com,qn6aVp,,,,,
https://nasa.gov,ugKHdK,,,,,
https://nationalgeographic.com,wHCbXq,,,,,
https://nature.com,WaX9pw,,,,,
https://naver.com,gQqubm,,,,,
https://nazwa.pl,LXEEFY,,,,,
https://nbcnews.com,eMJ4H8,,,,,
https://netflix.com,XUmGuX,,,,,
https://netscape.com,uBpHuF,,,,,
https://networkadvertising.org,7amge2,,,,,
https://networksolutions.com,GDsuc8,,,,,
https://newyorker.com,SHR65R,,,,,
https://nginx.com,HN2eYZ,,,,,
https://nginx.org,P59Yd3,,,,,
https://nhk.or.jp,S8LD4u,,,,,
https://nifty.com,VRtDKK,,,,,
https://nih.gov,5dsHZv,,,,,
https://nist.gov,mb78SA,,,,,
https://noaa.gov,hxHYLL,,,,,
https://npr.org,fcTJAx,,,,,
https://nps.gov,QFB4GG,,,,,
https://ny.gov,VbRFEs,,,,,
https://nytimes.com,yqqECD,,,,,
https://nyu.edu,5GTH5V,,,,,
https://ocn.ne.jp,eauUpr,,,,,
https://oecd.org,UQEHch,,,,,
https://office.com,2SG8Ny,,,,,
https://ok.ru,uR3PMX,,,,,
https://one.com,qJMJZy,,,,,
https://opencart.com,65TwkB,,,,,
https://opensource.org,s8h7y4,,,,,
https://opera.com,LM3r7a,,,,,
https://oracle.com,Nkd6Q3,,,,,
https://oreilly.com,8YKBuv,,,,,
https://oup.com,ZneUUv,,,,,
https://ow.ly,JCAZYJ,,,,,
https://ox.ac.uk,chmqTm,,,,,
https://parallels.com,MQbUhe,,,,,
https://paypal.com,PfYRVH,,,,,
https://pbs.org,npHSZh,,,,,
https://phoca.cz,wAdJnk,,,,,
https://photobucket.com,JgCAdR,,,,,
https://php.net,Stc2u2,,,,,
https://phpbb.com,faVVSh,,,,,
https://pinterest.com,eFpX3J,,,,,
https://playstation.com,A2BNY8,,,,,
https://plesk.com,y5C7r2,,,,,
https://plos.org,uqmDvW,,,,,
https://prestashop.com,dUapWs,,,,,
https://prnewswire.com,NQ8yNz,,,,,
https://psu.edu,RB4tm7,,,,,
https://psychologytoday.com,mpvZ2B,,,,,
https://python.org,d4v9xP,,,,,
https://qq.com,weyAvx,,,,,
https://quantcast.com,3LwS7y,,,,,
https://rakuten.co.jp,sBfK3c,,,,,
https://rambler.ru,47Fr9v,,,,,
https://redcross.org,MU2g8X,,,,,
https://reddit.com,nMecXS,,,,,
https://reference.com,d2WBFd,,,,,
https://researchgate.net,YWDXcC,,,,,
https://reuters.com,UQddnp,,,,,
https://rs6.net,seekPM,,,,,
https://sagepub.com,NSJJny,,,,,
https://sakura.ne.jp,ufrtfD,,,,,
https://samsung.com,Krqaq3,,,,,
https://sciencedirect.com,Z43cwq,,,,,
https://sciencemag.org,FP5JEb,,,,,
https://scientificamerican.com,tmnQv3,,,,,
https://scribd.com,YCxcKX,,,,,
https://sec.gov,pAqrME,,,,,
https://secureserver.net,9cwX6F,,,,,
https://sedo.com,9wP2Zp,,,,,
https://sedoparking.com,YnQSB4,,,,,
https://senate.gov,wvyGhy,,,,,
https://shinystat.com,Vc7yAN,,,,,
https://shop-pro.jp,TgP2pT,,,,,
https://shopify.com,DZy7HN,,,,,
https://si.edu,gp56zv,,,,,
https://sina.com.cn,JdVEXg,,,,,
https://siteorigin.com,RugBuh,,,,,
https://skype.com,UAygVS,,,,,
https://slate.com,SZYUhQ,,,,,
https://slideshare.net,2wzL9T,,,,,
https://snapchat.com,nJpJGq,,,,,
https://sogou.com,QaLgNw,,,,,
https://sohu.com,MVF33U,,,,,
https://soundcloud.com,G28FFZ,,,,,
https://sourceforge.net,52k2zf,,,,,
https://spotify.com,n7FkPD,,,,,
https://springer.com,E77h2c,,,,,
https://squarespace.com,f224CV,,,,,
https://squareup.com,FgRKzW,,,,,
https://ssa.gov,Ts77ba,,,,,
https://stackoverflow.com,CknNa9,,,,,
https://stanford.edu,tkDWU5,,,,,
https://starwoodhotels.com,6nHck4,,,,,
https://statcounter.com,VbEb9p,,,,,
https://state.gov,MYKfHG,,,,,
https://steampowered.com,VhntJs,,,,,
https://storify.com,mkmkJJ,,,,,
https://studiopress.com,926bk2,,,,,
https://stumbleupon.com,g2KsDb,,,,,
https://sun.com,4RGN9a,,,,,
https://surveymonkey.com,xzqdF3,,,,,
https://symantec.com,EAKzdV,,,,,
https://t.co,66YaSw,,,,,
https://t.me,rTeJgm,,,,,
https://tandfonline.com,R7kX3b,,,,,
https://taobao.com,mRYb98,,,,,
https://teamviewer.com,xcqBLB,,,,,
https://techcrunch.com,Jtzmhh,,,,,
https://ted.com,x3caeP,,,,,
https://telegram.me,DwbCbq,,,,,
https://telegraph.co.uk,aKVBnt,,,,,
https://theatlantic.com,yMD6sw,,,,,
https://theguardian.com,DZeQLT,,,,,
https://thehill.com,MYt99N,,,,,
https://themeforest.net,8QFUk2,,,,,
https://themegrill.com,9f2b9r,,,,,
https://thenextweb.com,r2qB55,,,,,
https://theverge.com,EAb3vZ,,,,,
https://ticketmaster.com,KvGxLq,,,,,
https://time.com,rN34FS,,,,,
https://tmall.com,YHFG3t,,,,,
https://today.com,5TeUKe,,,,,
https://tripadvisor.co.uk,VvMzH5,,,,,
https://tripadvisor.com,Zk3Q25,,,,,
https://trustpilot.com,HMhEXJ,,,,,
https://tucowsdomains.com,rbYPR5,,,,,
https://tumblr.com,TaRf9k,,,,,
https://twitch.tv,UXCGYt,,,,,
https://twitter.com,RuCCwJ,,,,,
https://typeform.com,D54cHf,,,,,
https://typepad.com,F7HqtQ,,,,,
https://uchicago.edu,cuB2ww,,,,,
https://ucl.ac.uk,JAtXNr,,,,,
https://ucla.edu,gG6rSA,,,,,
https://umblr.com,4p9paT,,,,,
https://umich.edu,UBPfxn,,,,,
https://umn.edu,r6YqYx,,,,,
https://un.org,R39hnB,,,,,
https://unesco.org,kdBBsS,,,,,
https://unicef.org,Vwvfav,,,,,
https://unsplash.com,Fh4zbQ,,,,,
https://uol.com.br,sSNDLb,,,,,
https://upenn.edu,gdczmp,,,,,
https://usa.gov,nDkhkv,,,,,
https://usatoday.com,XQfHfR,,,,,
https://usc.edu,5m9RWH,,,,,
https://usda.gov,Gh6cv4,,,,,
https://usgs.gov,7DBnHW,,,,,
https://usnews.com,WH7nFv,,,,,
https://ustream.tv,qUztv2,,,,,
https://utexas.edu,5fLCFN,,,,,
https://va.gov,BbMAkx,,,,,
https://variety.com,dMwpeZ,,,,,
https://venturebeat.com,6C2p7f,,,,,
https://vice.com,sG6D8U,,,,,
https://vimeo.com,FuRbbQ,,,,,
https://visma.com,hE8QMY,,,,,
https://vk.com,GNmBrr,,,,,
https://vkontakte.ru,zaM7x8,,,,,
https://w3.org,FFaMrB,,,,,
https://w3schools.com,dnRCCf,,,,,
https://warnerbros.com,nu43eZ,,,,,
https://washington.edu,NPMEVq,,,,,
https://washingtonpost.com,nTuDP2,,,,,
https://web.de,kmNcgr,,,,,
https://webmd.com,r9Kx9g,,,,,
https://webs.com,95Lre4,,,,,
https://weebly.com,ccuBmQ,,,,,
https://weibo.com,QDVD6n,,,,,
https://whatsapp.com,rtUhP9,,,,,
https://whitehouse.gov,YQcRDE,,,,,
https://who.int,m6VAL9,,,,,
https://wikia.com,xQBScq,,,,,
https://wikihow.com,h6yr7K,,,,,
https://wikimedia.org,CVstJQ,,,,,
https://wikipedia.org,nn3LDm,,,,,
https://wiley.com,LD8WuS,,,,,
https://windowsphone.com,LhyHBM,,,,,
https://wired.com,UXkfGe,,,,,
https://wisc.edu,NGdchr,,,,,
https://wix.com,wLDq4G,,,,,
https://wixsite.com,fMpzev,,,,,
https://wordpress.com,ECpAm7,,,,,
https://wordpress.org,d68ksJ,,,,,
https://worldbank.org,PX79hx,,,,,
https://wp.com,J33BBN,,,,,
https://wp.me,brxd9r,,,,,
https://wsimg.com,zHJaAn,,,,,
https://wsj.com,fMX49B,,,,,
https://wufoo.com,2wsvNQ,,,,,
https://wunderground.com,SwQRET,,,,,
https://www.gov.uk,PgF38a,,,,,
https://www.nhs.uk,NYaMpe,,,,,
https://xing.com,7WFUKF,,,,,
https://xinhuanet.com,Lhk4Eh,,,,,
https://xiti.com,TYgcPD,,,,,
https://yahoo.co.jp,sKahCa,,,,,
https://yahoo.com,hQUFE7,,,,,
https://yale.edu,Wmppmv,,,,,
https://yandex.ru,QMW2aA,,,,,
https://yelp.com,pbL6hs,,,,,
https://youku.com,gMHZaU,,,,,
https://youronlinechoices.com,XdN7zZ,,,,,
https://youtu.be,JFeL8f,,,,,
https://youtube.com,emcsUH,,,,,
https://zdnet.com,a4S54H,,,,,
https://zendesk.com,bCvPgq,,,,,
https://zenfolio.com,namGpc,,,,,
hxHYLL,https://noaa.gov,2018-06-11T22:59:03Z,,,,
k2CqF3,https://mail.ru,2018-06-11T22:59:03Z,,,,
k99Re9,https://amzn.to,2018-06-11T22:59:03Z,,,,
kDrgJL,https://bbb.org,2018-06-11T22:59:03Z,,,,
kDzdzJ,https://buydomains.com,2018-06-11T22:59:03Z,,,,
kS6XCE,https://hostnet.nl,2018-06-11T22:59:03Z,,,,
kdBBsS,https://unesco.org,2018-06-11T22:59:03Z,,,,
kmNcgr,https://web.de,2018-06-11T22:59:03Z,,,,
krHE7C,https://chicagotribune.com,2018-06-11T22:59:03Z,,,,
m57dUp,https://a8.net,2018-06-11T22:59:03Z,,,,
m6VAL9,https://who.int,2018-06-11T22:59:03Z,,,,
m8nEGs,https://amazonaws.com,2018-06-11T22:59:03Z,,,,
mRYb98,https://taobao.com,2018-06-11T22:59:03Z,,,,
mb78SA,https://nist.gov,2018-06-11T22:59:03Z,,,,
mkmkJJ,https://storify.com,2018-06-11T22:59:03Z,,,,
mpvZ2B,https://psychologytoday.com,2018-06-11T22:59:03Z,,,,
muKXKA,https://harvard.edu,2018-06-11T22:59:03Z,,,,
n6uFCc,https://mynavi.jp,2018-06-11T22:59:03Z,,,,
n7FkPD,https://spotify.com,2018-06-11T22:59:03Z,,,,
nDkhkv,https://usa.gov,2018-06-11T22:59:03Z,,,,
nJZpMb,https://columbia.edu,2018-06-11T22:59:03Z,,,,
nJpJGq,https://snapchat.com,2018-06-11T22:59:03Z,,,,
nMecXS,https://reddit.com,2018-06-11T22:59:03Z,,,,
nTuDP2,https://washingtonpost.com,2018-06-11T22:59:03Z,,,,
nVgcGL,https://moodle.org,2018-06-11T22:59:03Z,,,,
namGpc,https://zenfolio.com,2018-06-11T22:59:03Z,,,,
nht265,https://europa.eu,2018-06-11T22:59:03Z,,,,
nn3LDm,https://wikipedia.org,2018-06-11T22:59:03Z,,,,
npHSZh,https://pbs.org,2018-06-11T22:59:03Z,,,,
nu43eZ,https://warnerbros.com,2018-06-11T22:59:03Z,,,,
p2mUXv,https://cnet.com,2018-06-11T22:59:03Z,,,,
pAqrME,https://sec.gov,2018-06-11T22:59:03Z,,,,
pEzkmx,https://eff.org,2018-06-11T22:59:03Z,,,,
pJyTHb,https://adobe.com,2018-06-11T22:59:03Z,,,,
pWWnAF,https://mashable.com,2018-06-11T22:59:03Z,,,,
pXmq2C,https://domainretailing.com,2018-06-11T22:59:03Z,,,,
pbL6hs,https://yelp.com,2018-06-11T22:59:03Z,,,,
ppRLR5,https://macromedia.com,2018-06-11T22:59:03Z,,,,
ptN9pf,https://163.com,2018-06-11T22:59:03Z,,,,
q7zbJ5,https://alibaba.com,2018-06-11T22:59:03Z,,,,
qJMJZy,https://one.com,2018-06-11T22:59:03Z,,,,
qUztv2,https://ustream.tv,2018-06-11T22:59:03Z,,,,
qVygK6,https://goo.ne.jp,2018-06-11T22:59:03Z,,,,
qh24JD,https://indiatimes.com,2018-06-11T22:59:03Z,,,,
qn6aVp,https://namejet.com,2018-06-11T22:59:03Z,,,,
qnD4XJ,https://goo.gl,2018-06-11T22:59:03Z,,,,
qqzgpC,https://java.com,2018-06-11T22:59:03Z,,,,
qr4CgU,https://amazon.de,2018-06-11T22:59:03Z,,,,
qs4EfZ,https://cmu.edu,2018-06-11T22:59:03Z,,,,
qv2R5m,https://bit.ly,2018-06-11T22:59:03Z,,,,
qyCWYV,https://house.gov,2018-06-11T22:59:03Z,,,,
r2qB55,https://thenextweb.com,2018-06-11T22:59:03Z,,,,
r6YqYx,https://umn.edu,2018-06-11T22:59:03Z,,,,
r8tcAG,https://domeneshop.no,2018-06-11T22:59:03Z,,,,
r9Kx9g,https://webmd.com,2018-06-11T22:59:03Z,,,,
rN34FS,https://time.com,2018-06-11T22:59:03Z,,,,
rTeJgm,https://t.me,2018-06-11T22:59:03Z,,,,
rUSgBk,https://fda.gov,2018-06-11T22:59:03Z,,,,
rWuJwU,https://ewebdevelopment.com,2018-06-11T22:59:03Z,,,,
rbYPR5,https://tucowsdomains.com,2018-06-11T22:59:03Z,,,,
rtUhP9,https://whatsapp.com,2018-06-11T22:59:03Z,,,,
s8h7y4,https://opensource.org,2018-06-11T22:59:03Z,,,,
sBDKBC,https://feedburner.com,2018-06-11T22:59:03Z,,,,
sBZ2am,https://eventbrite.com,2018-06-11T22:59:03Z,,,,
sBfK3c,https://rakuten.co.jp,2018-06-11T22:59:03Z,,,,
sEtApG,https://cam.ac.uk,2018-06-11T22:59:03Z,,,,
sG6D8U,https://vice.com,2018-06-11T22:59:03Z,,,,
sGNMLW,https://blogspot.com.es,2018-06-11T22:59:03Z,,,,
sHxY2E,https://go.com,2018-06-11T22:59:03Z,,,,
sKahCa,https://yahoo.co.jp,2018-06-11T22:59:03Z,,,,
sLYcUG,https://bandcamp.com,2018-06-11T22:59:03Z,,,,
sPGEkh,https://hhs.gov,2018-06-11T22:59:03Z,,,,
sSNDLb,https://uol.com.br,2018-06-11T22:59:03Z,,,,
sSzEZm,https://hibu.com,2018-06-11T22:59:03Z,,,,
sVCfW8,https://ietf.org,2018-06-11T22:59:03Z,,,,
seekPM,https://rs6.net,2018-06-11T22:59:03Z,,,,
srddMa,https://delicious.com,2018-06-11T22:59:03Z,,,,
t6FKQa,https://msdn.com,2018-06-11T22:59:03Z,,,,
t8F4qH,https://irs.gov,2018-06-11T22:59:03Z,,,,
tHPaHp,https://microsoft.com,2018-06-11T22:59:03Z,,,,
tJBpkh,https://justgiving.com,2018-06-11T22:59:03Z,,,,
tM2RBF,https://google.co.in,2018-06-11T22:59:03Z,,,,
tYcFwg,https://fb.me,2018-06-11T22:59:03Z,,,,
te7adS,https://google.be,2018-06-11T22:59:03Z,,,,
tkCTth,https://bluehost.com,2018-06-11T22:59:03Z,,,,
tkDWU5,https://stanford.edu,2018-06-11T22:59:03Z,,,,
tmnQv3,https://scientificamerican.com,2018-06-11T22:59:03Z,,,,
u2T9RE,https://guardian.co.uk,2018-06-11T22:59:03Z,,,,
u8z9xW,https://bloomberg.com,2018-06-11T22:59:03Z,,,,
uBpHuF,https://netscape.com,2018-06-11T22:59:03Z,,,,
uR3PMX,https://ok.ru,2018-06-11T22:59:03Z,,,,
uWB3RB,https://businesswire.com,2018-06-11T22:59:03Z,,,,
uYWA7x,https://deviantart.com,2018-06-11T22:59:03Z,,,,
ufdmPd,https://amazon.co.jp,2018-06-11T22:59:03Z,,,,
ufrtfD,https://sakura.ne.jp,2018-06-11T22:59:03Z,,,,
ugKHdK,https://nasa.gov,2018-06-11T22:59:03Z,,,,
umkWBr,https://loopia.se,2018-06-11T22:59:03Z,,,,
un9Pkg,https://bigcommerce.com,2018-06-11T22:59:03Z,,,,
uqmDvW,https://plos.org,2018-06-11T22:59:03Z,,,,
vEmdB8,https://biomedcentral.com,2018-06-11T22:59:03Z,,,,
vEu4Th,https://google.es,2018-06-11T22:59:03Z,,,,
vkFbaR,https://cnn.com,2018-06-11T22:59:03Z,,,,
vkaedE,https://blogspot.co.uk,2018-06-11T22:59:03Z,,,,
vsbRsK,https://hubspot.com,2018-06-11T22:59:03Z,,,,
vtWG9W,https://google.ch,2018-06-11T22:59:03Z,,,,
vzkZh7,https://list-manage1.com,2018-06-11T22:59:03Z,,,,
w4dDcB,https://behance.net,2018-06-11T22:59:03Z,,,,
wAdJnk,https://phoca.cz,2018-06-11T22:59:03Z,,,,
wF2uVC,https://msn.com,2018-06-11T22:59:03Z,,,,
wHCbXq,https://nationalgeographic.com,2018-06-11T22:59:03Z,,,,
wKxV53,https://bigcartel.com,2018-06-11T22:59:03Z,,,,
wLDq4G,https://wix.com,2018-06-11T22:59:03Z,,,,
wWkkv8,https://apple.com,2018-06-11T22:59:03Z,,,,
weyAvx,https://qq.com,2018-06-11T22:59:03Z,,,,
wvyGhy,https://senate.gov,2018-06-11T22:59:03Z,,,,
wyUCAe,https://51.la,2018-06-11T22:59:03Z,,,,
x3caeP,https://ted.com,2018-06-11T22:59:03Z,,,,
x9EbEB,https://goodreads.com,2018-06-11T22:59:03Z,,,,
xJ69AD,https://mhlw.go.jp,2018-06-11T22:59:03Z,,,,
xNzmwV,https://fb.com,2018-06-11T22:59:03Z,,,,
xQBScq,https://wikia.com,2018-06-11T22:59:03Z,,,,
xUBfwT,https://hatena.ne.jp,2018-06-11T22:59:03Z,,,,
xcL2KB,https://japanpost.jp,2018-06-11T22:59:03Z,,,,
xcqBLB,https://teamviewer.com,2018-06-11T22:59:03Z,,,,
xsdVgM,https://fcc.gov,2018-06-11T22:59:03Z,,,,
xzqdF3,https://surveymonkey.com,2018-06-11T22:59:03Z,,,,
y5C7r2,https://plesk.com,2018-06-11T22:59:03Z,,,,
yBNq4m,https://addthis.com,2018-06-11T22:59:03Z,,,,
yDVbFL,https://mlit.go.jp,2018-06-11T22:59:03Z,,,,
yDgRDy,https://enable-javascript.com,2018-06-11T22:59:03Z,,,,
yFxM7M,https://github.com,2018-06-11T22:59:03Z,,,,
yMD6sw,https://theatlantic.com,2018-06-11T22:59:03Z,,,,
yMFySb,https://google.com.au,2018-06-11T22:59:03Z,,,,
yMShaY,https://google.co.jp,2018-06-11T22:59:03Z,,,,
ySvWBH,https://allaboutcookies.org,2018-06-11T22:59:03Z,,,,
yY2DGh,https://change.org,2018-06-11T22:59:03Z,,,,
yqqECD,https://nytimes.com,2018-06-11T22:59:03Z,,,,
ysGShJ,https://economist.com,2018-06-11T22:59:03Z,,,,
z9ZHQQ,https://dailymotion.com,2018-06-11T22:59:03Z,,,,
zHJaAn,https://wsimg.com,2018-06-11T22:59:03Z,,,,
zYu9LW,https://ibm.com,2018-06-11T22:59:03Z,,,,
zaJPJ2,https://iso.org,2018-06-11T22:59:03Z,,,,
zaM7x8,https://vkontakte.ru,2018-06-11T22:59:03Z,,,,
zagnaG,https://eepurl.com,2018-06-11T22:59:03Z,,,,
zmnEUS,https://businessinsider.com,2018-06-11T22:59:03Z,,,,
zyPwNq,https://aliyun.com,2018-06-11T22:59:03Z,,,,
